time,x1,x2,x3,v1,v2,v3,wall_distance,E12,E23,S2,S3,U2,U3,CF1_stopped,CF2_stopped,CF3_stopped
9.5367431640625e-07,-0.019398249685764313,-0.6726410388946533,-1.2167822122573853,0.0,0.0,0.0,2.0193982496857643,0.153242789208889,0.044141173362731934,0.0,0.0,0.0,0.0,0,0,0
0.10068368911743164,0.009583909064531326,-0.7286397218704224,-1.2178341150283813,0.2898215875029564,-0.5599868297576904,-0.010519027709960938,1.9904160909354687,0.2382236309349537,-0.010805606842041016,0.8498084172606468,-0.5494678020477295,0.3610871730235228,0.15095743274358142,0,0,0
0.2013552188873291,0.030674373731017113,-0.7635704874992371,-1.2130166292190552,0.21090464666485786,-0.349307656288147,0.04817485809326172,1.9693256262689829,0.2942448612302542,-0.050553858280181885,0.5602123029530048,-0.3974825143814087,0.15691891218995463,0.07899617461948338,0,0,0
0.3018958568572998,0.04860464856028557,-0.7808090448379517,-1.2097126245498657,0.17930274829268456,-0.172385573387146,0.03304004669189453,1.9513953514397144,0.32941369339823723,-0.07109642028808594,0.35168832167983055,-0.20542562007904053,0.061842337802987986,0.02109984269242915,0,0,0
0.4027903079986572,0.06976717710494995,-0.7936194539070129,-1.2099312543869019,0.21162528544664383,-0.1281040906906128,-0.002186298370361328,1.93023282289505,0.3633866310119629,-0.08368819952011108,0.3397293761372566,-0.12591779232025146,0.057708024505304795,0.00792764521140299,0,0,0
0.5032715797424316,0.09117018431425095,-0.8019636273384094,-1.2126871347427368,0.21403007209300995,-0.08344173431396484,-0.02755880355834961,1.908829815685749,0.39313381165266037,-0.08927649259567261,0.2974718064069748,-0.055882930755615234,0.044244737803514345,0.0015614509749184435,0,0,0
0.6035892963409424,0.11597602069377899,-0.8091107606887817,-1.216226577758789,0.24805836379528046,-0.07147133350372314,-0.03539443016052246,1.884023979306221,0.42508678138256073,-0.09288418292999268,0.3195296972990036,-0.036076903343200684,0.051049613727996435,0.0006507714774173223,0,0,0
0.7040693759918213,0.13812649250030518,-0.8115906119346619,-1.2170604467391968,0.22150471806526184,-0.02479851245880127,-0.008338689804077148,1.8618735074996948,0.44971710443496704,-0.09453016519546509,0.2463032305240631,-0.01645982265472412,0.030332640683294887,0.0001354628809124847,0,0,0
0.8046765327453613,0.1608038693666458,-0.8097101449966431,-1.2169873714447021,0.22677376866340637,0.01880466938018799,0.0007307529449462891,1.8391961306333542,0.4705140143632889,-0.09272277355194092,0.20796909928321838,0.0180739164352417,0.021625573128336573,0.00016333322765405,0,0,0
0.9051167964935303,0.18074719607830048,-0.8020669221878052,-1.2148082256317139,0.19943326711654663,0.0764322280883789,0.021791458129882812,1.8192528039216995,0.48281411826610565,-0.08725869655609131,0.12300103902816772,0.054640769958496094,0.00756462780100442,0.0014928068708286446,0,0,0
1.005659818649292,0.19835016131401062,-0.7889230251312256,-1.2121220827102661,0.17602965235710144,0.1314389705657959,0.02686142921447754,1.8016498386859894,0.4872731864452362,-0.07680094242095947,0.04459068179130554,0.10457754135131836,0.0009941644513067338,0.005468231077543351,0,0,0
1.1062378883361816,0.21581652760505676,-0.7718883156776428,-1.2094134092330933,0.17466366291046143,0.17034709453582764,0.027086734771728516,1.7841834723949432,0.4877048432826996,-0.06247490644454956,0.004316568374633789,0.14326035976409912,9.316381266444296e-06,0.010261765339869555,0,0,0
1.2067582607269287,0.2312232404947281,-0.7520186305046082,-1.2070425748825073,0.15406712889671326,0.19869685173034668,0.023708343505859375,1.768776759505272,0.48324187099933624,-0.04497605562210083,-0.04462972283363342,0.1749885082244873,0.0009959060801034703,0.01531048900531573,0,0,0
1.3073241710662842,0.24747908115386963,-0.7322823405265808,-1.2045998573303223,0.1625584065914154,0.19736289978027344,0.024427175521850586,1.7525209188461304,0.47976142168045044,-0.027682483196258545,-0.03480449318885803,0.17293572425842285,0.0006056763730666326,0.014953382362392631,0,0,0
1.4078149795532227,0.2624916136264801,-0.7084911465644836,-1.2018920183181763,0.15012532472610474,0.23791193962097168,0.02707839012145996,1.73750838637352,0.47098276019096375,-0.006599128246307373,-0.08778661489486694,0.21083354949951172,0.0038532448773498373,0.02222539279728153,0,0,0
1.508209228515625,0.2785935699939728,-0.6869927048683167,-1.1986185312271118,0.16101956367492676,0.21498441696166992,0.03273487091064453,1.7214064300060272,0.46558627486228943,0.011625826358795166,-0.053964853286743164,0.1822495460510254,0.0014561026951298572,0.016607448517902412,0,0,0
1.6087899208068848,0.2942964732646942,-0.6627755761146545,-1.1949176788330078,0.15702903270721436,0.2421712875366211,0.03700852394104004,1.7057035267353058,0.45707204937934875,0.03214210271835327,-0.08514225482940674,0.20516276359558105,0.0036246017787178175,0.02104587978308814,0,0,0
1.7093052864074707,0.30817708373069763,-0.6400273442268372,-1.1902376413345337,0.13880610466003418,0.22748231887817383,0.04680037498474121,1.6918229162693024,0.4482044279575348,0.05021029710769653,-0.08867621421813965,0.18068194389343262,0.003931735484030696,0.016322982424554766,0,0,0
1.809784173965454,0.322867214679718,-0.6198775172233582,-1.1848551034927368,0.14690130949020386,0.20149827003479004,0.05382537841796875,1.677132785320282,0.44274473190307617,0.06497758626937866,-0.05459696054458618,0.1476728916168213,0.0014904140503535501,0.010903641459236724,0,0,0
1.910233736038208,0.3379197418689728,-0.5965423583984375,-1.1774065494537354,0.1505252718925476,0.23335158824920654,0.07448554039001465,1.6620802581310272,0.4344621002674103,0.08086419105529785,-0.08282631635665894,0.1588660478591919,0.0034300993406066738,0.012619210581199525,0,0,0
2.010707378387451,0.35206854343414307,-0.5714356899261475,-1.1691758632659912,0.14148801565170288,0.2510666847229004,0.0823068618774414,1.647931456565857,0.4235042333602905,0.09774017333984375,-0.10957866907119751,0.16875982284545898,0.006003742357707509,0.01423993890341535,0,0,0
2.111147880554199,0.36818698048591614,-0.5466307401657104,-1.1691758632659912,0.1611843705177307,0.24804949760437012,0.0,1.6318130195140839,0.4148177206516266,0.12254512310028076,-0.0868651270866394,0.24804949760437012,0.0037727751518890074,0.030764276630890208,0,0,0
2.21161150932312,0.3829409182071686,-0.524472713470459,-1.1521201133728027,0.14753937721252441,0.22158026695251465,0.17055749893188477,1.6170590817928314,0.40741363167762756,0.12764739990234375,-0.07404088973999023,0.05102276802062988,0.0027410266767446956,0.0013016614282435057,0,0,0
2.311945676803589,0.39804399013519287,-0.5014026165008545,-1.14266836643219,0.15103071928024292,0.23070096969604492,0.09451746940612793,1.6019560098648071,0.39944660663604736,0.14126574993133545,-0.079670250415802,0.136183500289917,0.0031736744006582995,0.00927297287560691,0,0,0
2.41237211227417,0.41283199191093445,-0.4789064824581146,-1.14266836643219,0.14788001775741577,0.22496134042739868,0.0,1.5871680080890656,0.3917384743690491,0.16376188397407532,-0.07708132266998291,0.22496134042739868,0.0029707651522770107,0.02530380234344598,0,0,0
2.5128889083862305,0.42695343494415283,-0.4580470323562622,-1.1328835487365723,0.14121443033218384,0.20859450101852417,0.09784817695617676,1.5730465650558472,0.38500046730041504,0.17483651638031006,-0.06738007068634033,0.11074632406234741,0.00227003696284811,0.006132374146661235,0,0,0
2.613325595855713,0.44184887409210205,-0.4374285638332367,-1.1222126483917236,0.1489543914794922,0.20618468523025513,0.10670900344848633,1.558151125907898,0.37927743792533875,0.18478408455848694,-0.05723029375076294,0.0994756817817688,0.0016376532613993078,0.0049477056329738645,0,0,0
2.714047908782959,0.4552805721759796,-0.4173907935619354,-1.1090034246444702,0.13431698083877563,0.2003777027130127,0.13209223747253418,1.5447194278240204,0.37267136573791504,0.1916126310825348,-0.06606072187423706,0.06828546524047852,0.0021820094872726514,0.0023314523815543,0,0,0
2.81451153755188,0.4705412685871124,-0.39608034491539,-1.0943111181259155,0.15260696411132812,0.2131044864654541,0.14692306518554688,1.5294587314128876,0.36662161350250244,0.1982307732105255,-0.06049752235412598,0.06618142127990723,0.0018299751054939861,0.0021899902613142785,0,0,0
2.9150679111480713,0.48538684844970703,-0.37740200757980347,-1.0811529159545898,0.14845579862594604,0.18678337335586548,0.13158202171325684,1.514613151550293,0.3627888560295105,0.20375090837478638,-0.038327574729919434,0.05520135164260864,0.0007345014923387794,0.001523594611585466,0,0,0
3.0156116485595703,0.5009022355079651,-0.35733309388160706,-1.066314935684204,0.15515387058258057,0.2006891369819641,0.14837980270385742,1.499097764492035,0.35823532938957214,0.20898184180259705,-0.045535266399383545,0.05230933427810669,0.001036730243031414,0.0013681332263093537,0,0,0
3.11612868309021,0.5155519843101501,-0.3382432162761688,-1.0504826307296753,0.14649748802185059,0.19089877605438232,0.15832304954528809,1.4844480156898499,0.35379520058631897,0.21223941445350647,-0.04440128803253174,0.03257572650909424,0.000985737189473923,0.0005305889787976525,0,0,0
3.2167885303497314,0.5292009115219116,-0.3195381164550781,-1.036122441291809,0.13648927211761475,0.18705099821090698,0.1436018943786621,1.4707990884780884,0.34873902797698975,0.21658432483673096,-0.050561726093292236,0.04344910383224487,0.0012782440727665545,0.0009439123119125981,0,0,0
3.3173828125,0.5445731282234192,-0.3009076714515686,-1.0202620029449463,0.15372216701507568,0.18630445003509521,0.15860438346862793,1.4554268717765808,0.3454807996749878,0.21935433149337769,-0.03258228302001953,0.027700066566467285,0.0005308025833983265,0.00038364684389335935,0,0,0
3.41794490814209,0.558588445186615,-0.2848691940307617,-1.005705714225769,0.140153169631958,0.16038477420806885,0.14556288719177246,1.441411554813385,0.3434576392173767,0.22083652019500732,-0.02023160457611084,0.014821887016296387,0.00020465891186205454,0.0001098441673619277,0,0,0
3.518510103225708,0.5725167989730835,-0.26826006174087524,-0.99334716796875,0.13928353786468506,0.16609132289886475,0.12358546257019043,1.4274832010269165,0.34077686071395874,0.22508710622787476,-0.026807785034179688,0.042505860328674316,0.0003593286692193942,0.0009033740811403845,0,0,0
3.619211435317993,0.5872772932052612,-0.2506304681301117,-0.9782941341400146,0.14760494232177734,0.1762959361076355,0.15053033828735352,1.4127227067947388,0.3379077613353729,0.22766366600990295,-0.028690993785858154,0.025765597820281982,0.0004115865622100756,0.0003319330155182598,0,0,0
3.7197000980377197,0.6012811064720154,-0.23311254382133484,-0.9647558331489563,0.1400381326675415,0.17517924308776855,0.1353830099105835,1.3987188935279846,0.3343936502933502,0.23164328932762146,-0.03514111042022705,0.03979623317718506,0.0006174488207832951,0.0007918700875464424,0,0,0
3.8203234672546387,0.6178261637687683,-0.21579740941524506,-0.9491702318191528,0.1654505729675293,0.17315134406089783,0.15585601329803467,1.3821738362312317,0.33362357318401337,0.23337282240390778,-0.00770077109336853,0.01729533076286316,2.9650937716230175e-05,0.00014956423309842037,0,0,0
3.9207661151885986,0.6326180696487427,-0.199320450425148,-0.9323959946632385,0.14791905879974365,0.16476958990097046,0.16774237155914307,1.3673819303512573,0.3319385200738907,0.23307554423809052,-0.016850531101226807,-0.0029727816581726074,0.00014197019919670595,4.418715393583739e-06,0,0,0
4.021227836608887,0.6480514407157898,-0.18155618011951447,-0.9161683320999146,0.1543337106704712,0.17764270305633545,0.16227662563323975,1.3519485592842102,0.32960762083530426,0.23461215198040009,-0.023308992385864258,0.015366077423095703,0.00027165456302213897,0.00011805816768628574,0,0,0
4.121710538864136,0.6640574336051941,-0.16579659283161163,-0.9020463824272156,0.16005992889404297,0.15759587287902832,0.14121949672698975,1.335942566394806,0.3298540264368057,0.23624978959560394,0.0024640560150146484,0.016376376152038574,3.0357860225649347e-06,0.00013409284793652887,0,0,0
4.222168684005737,0.678280234336853,-0.14876636862754822,-0.8871026039123535,0.14222800731658936,0.17030224204063416,0.1494377851486206,1.321719765663147,0.32704660296440125,0.2383362352848053,-0.0280742347240448,0.02086445689201355,0.0003940813276703814,0.00021766278069934586,0,0,0
4.322635173797607,0.6927348375320435,-0.13164348900318146,-0.8733326196670532,0.1445460319519043,0.1712287962436676,0.13769984245300293,1.3072651624679565,0.3243783265352249,0.24168913066387177,-0.026682764291763306,0.03352895379066467,0.00035598495512489947,0.0005620953711482635,0,0,0
4.423151016235352,0.7078973650932312,-0.11503101885318756,-0.858808159828186,0.15162527561187744,0.16612470149993896,0.14524459838867188,1.2921026349067688,0.32292838394641876,0.24377714097499847,-0.014499425888061523,0.02088010311126709,0.00010511667554169435,0.0002179893529685728,0,0,0
4.5236101150512695,0.7225467562675476,-0.10065686702728271,-0.8451535701751709,0.14649391174316406,0.14374151825904846,0.13654589653015137,1.2774532437324524,0.3232036232948303,0.24449670314788818,0.0027523934841156006,0.007195621728897095,3.7878349457010074e-06,2.5888486032688007e-05,0,0,0
4.6242358684539795,0.7361398935317993,-0.08470305800437927,-0.8313661813735962,0.1359313726425171,0.15953809022903442,0.13787388801574707,1.2638601064682007,0.3208429515361786,0.24666312336921692,-0.023606717586517334,0.021664202213287354,0.0002786385576047934,0.00023466882876910233,0,0,0
4.724707365036011,0.7501695156097412,-0.06999464333057404,-0.818033754825592,0.14029622077941895,0.14708414673805237,0.1333242654800415,1.2498304843902588,0.32016415894031525,0.248039111495018,-0.006787925958633423,0.013759881258010864,2.3037969409944736e-05,9.466716611727932e-05,0,0,0
4.825183153152466,0.7645072340965271,-0.05446130037307739,-0.8040752410888672,0.1433771848678589,0.15533342957496643,0.13958513736724854,1.235492765903473,0.3189685344696045,0.2496139407157898,-0.011956244707107544,0.015748292207717896,7.147589374811858e-05,0.0001240043537298341,0,0,0
4.925591468811035,0.7786137461662292,-0.038276009261608124,-0.7892362475395203,0.14106512069702148,0.1618529111146927,0.14838993549346924,1.2213862538337708,0.31688975542783737,0.25096023827791214,-0.020787790417671204,0.01346297562122345,0.00021606611522451136,9.062585628882847e-05,0,0,0
5.026072263717651,0.7952366471290588,-0.02249777689576149,-0.7751104235649109,0.1662290096282959,0.15778232365846634,0.14125823974609375,1.2047633528709412,0.31773442402482033,0.2526126466691494,0.00844668596982956,0.01652408391237259,3.567325193645776e-05,0.0001365226745715653,0,0,0
5.126555442810059,0.8121359944343567,-0.004469997249543667,-0.7594920992851257,0.16899347305297852,0.18027779646217823,0.15618324279785156,1.1878640055656433,0.31660599168390036,0.25502210203558207,-0.011284323409199715,0.024094553664326668,6.366797740170634e-05,0.0002902737581415588,0,0,0
5.227008104324341,0.82864910364151,0.013390624895691872,-0.7452930808067322,0.1651310920715332,0.17860622145235538,0.14199018478393555,1.17135089635849,0.31525847874581814,0.25868370570242405,-0.013475129380822182,0.03661603666841984,9.07895559149486e-05,0.0006703670706515331,0,0,0
5.327492952346802,0.844634473323822,0.02901543118059635,-0.7302438616752625,0.15985369682312012,0.1562480628490448,0.15049219131469727,1.155365526676178,0.31561904214322567,0.2592592928558588,0.0036056339740753174,0.005755871534347534,6.500298177503083e-06,1.656502855995612e-05,0,0,0
5.428033113479614,0.8582736253738403,0.04602297767996788,-0.71709805727005,0.1363915205001831,0.1700754649937153,0.13145804405212402,1.1417263746261597,0.31225064769387245,0.26312103495001793,-0.03368394449353218,0.03861742094159126,0.0005673040583216785,0.0007456526000900257,0,0,0
5.528510808944702,0.8726827502250671,0.06147228926420212,-0.7018104791641235,0.14409124851226807,0.15449311584234238,0.15287578105926514,1.1273172497749329,0.311210460960865,0.26328276842832565,-0.01040186733007431,0.00161733478307724,5.409942197623363e-05,1.3078859002757515e-06,0,0,0
5.629128456115723,0.8877800107002258,0.07609756290912628,-0.6886693835258484,0.15097260475158691,0.14625273644924164,0.13141095638275146,1.1122199892997742,0.31168244779109955,0.26476694643497467,0.004719868302345276,0.014841780066490173,1.1138578395741838e-05,0.00011013921777103253,0,0,0
5.729864835739136,0.9018471837043762,0.09256723523139954,-0.6737552285194397,0.1406717300415039,0.16469672322273254,0.14914155006408691,1.0981528162956238,0.3092799484729767,0.26632246375083923,-0.024024993181228638,0.01555517315864563,0.00028860014867904127,0.00012098170599772473,0,0,0
5.830283880233765,0.917663037776947,0.10844432562589645,-0.6598880290985107,0.158158540725708,0.15877090394496918,0.13867199420928955,1.082336962223053,0.30921871215105057,0.2683323547244072,-0.0006123632192611694,0.020098909735679626,1.8749435615195154e-07,0.00020198308628149864,0,0,0
5.930680990219116,0.934179425239563,0.12767569720745087,-0.6449701189994812,0.16516387462615967,0.19231371581554413,0.1491791009902954,1.065820574760437,0.3065037280321121,0.27264581620693207,-0.02714984118938446,0.04313461482524872,0.0003685569383043985,0.0009302974980612833,0,0,0
6.031115770339966,0.9486097693443298,0.14419832825660706,-0.6297924518585205,0.14430344104766846,0.1652263104915619,0.15177667140960693,1.0513902306556702,0.3044114410877228,0.27399078011512756,-0.020922869443893433,0.013449639081954956,0.00021888323288310474,9.044639571742508e-05,0,0,0
6.131504774093628,0.9642041921615601,0.16151821613311768,-0.6156327128410339,0.15594422817230225,0.1731988787651062,0.14159739017486572,1.03579580783844,0.3026859760284424,0.2771509289741516,-0.017254650592803955,0.03160148859024048,0.00014886148353987494,0.0004993270405595496,0,0,0
6.231982946395874,0.9802069067955017,0.17870758473873138,-0.6006655693054199,0.1600271463394165,0.17189368605613708,0.14967143535614014,1.0197930932044983,0.3014993220567703,0.2793731540441513,-0.011866539716720581,0.022222250699996948,7.040738242425348e-05,0.00024691421308675743,0,0,0
6.333560466766357,0.9948021769523621,0.1960664689540863,-0.5857949256896973,0.14595270156860352,0.1735888421535492,0.14870643615722656,1.005197823047638,0.29873570799827576,0.28186139464378357,-0.02763614058494568,0.024882405996322632,0.00038187813321544084,0.00030956706408291623,0,0,0
6.433959722518921,1.0099766254425049,0.2130681574344635,-0.5708390474319458,0.15174448490142822,0.17001688480377197,0.14955878257751465,0.9900233745574951,0.2969084680080414,0.2839072048664093,-0.01827239990234375,0.020458102226257324,0.00016694029909558594,0.00020926697334999744,0,0,0
6.534452676773071,1.025313377380371,0.22846201062202454,-0.5577421188354492,0.1533675193786621,0.15393853187561035,0.13096928596496582,0.9746866226196289,0.29685136675834656,0.28620412945747375,-0.0005710124969482422,0.02296924591064453,1.6302763583553315e-07,0.00026379312885183026,0,0,0
6.634880542755127,1.0386195182800293,0.244781494140625,-0.5436791777610779,0.13306140899658203,0.16319483518600464,0.14062941074371338,0.9613804817199707,0.2938380241394043,0.2884606719017029,-0.030133426189422607,0.02256542444229126,0.00045401168695669014,0.0002545991901303779,0,0,0
6.736038684844971,1.0534999370574951,0.25967735052108765,-0.5297596454620361,0.1488041877746582,0.14895856380462646,0.13919532299041748,0.9465000629425049,0.29382258653640747,0.2894369959831238,-0.00015437602996826172,0.009763240814208984,1.191597931438082e-08,4.7660435598118056e-05,0,0,0
6.8366923332214355,1.0675517320632935,0.27538156509399414,-0.5168799161911011,0.1405179500579834,0.15704214572906494,0.12879729270935059,0.9324482679367065,0.2921701669692993,0.2922614812850952,-0.016524195671081543,0.028244853019714355,0.000136524521288095,0.00039888586105263357,0,0,0
6.937118768692017,1.0813089609146118,0.2902584373950958,-0.5041898488998413,0.1375722885131836,0.14876872301101685,0.12690067291259766,0.9186910390853882,0.291050523519516,0.29444828629493713,-0.011196434497833252,0.02186805009841919,6.268007273213527e-05,0.00023910580755348576,0,0,0
7.037450075149536,1.0963984727859497,0.30626997351646423,-0.4911942780017853,0.1508951187133789,0.16011536121368408,0.1299557089805603,0.9036015272140503,0.2901284992694855,0.2974642515182495,-0.009220242500305176,0.03015965223312378,4.250643588221692e-05,0.0004548023114114841,0,0,0
7.137847423553467,1.1107244491577148,0.3230917453765869,-0.4767080247402191,0.14325976371765137,0.1682177186012268,0.14486253261566162,0.8892755508422852,0.28763270378112793,0.29979977011680603,-0.02495795488357544,0.023355185985565186,0.00031144975598529356,0.0002727323562101702,0,0,0
7.238270282745361,1.1265149116516113,0.3386431038379669,-0.46344929933547974,0.15790462493896484,0.15551358461380005,0.1325872540473938,0.8734850883483887,0.2878718078136444,0.30209240317344666,0.002391040325164795,0.02292633056640625,2.858536918282084e-06,0.00026280831662006676,0,0,0
7.3386945724487305,1.141736388206482,0.35633835196495056,-0.4484981298446655,0.15221476554870605,0.17695248126983643,0.1495116949081421,0.8582636117935181,0.28539803624153137,0.3048364818096161,-0.02473771572113037,0.027440786361694336,0.00030597728954973036,0.00037649837807407494,0,0,0
7.439152240753174,1.1581575870513916,0.3743974268436432,-0.4328814446926117,0.16421198844909668,0.18059074878692627,0.15616685152053833,0.8418424129486084,0.2837601602077484,0.3072788715362549,-0.01637876033782959,0.02442389726638794,0.00013413189510202983,0.00029826337883953613,0,0,0
7.539555072784424,1.1733672618865967,0.39171910285949707,-0.4185909032821655,0.15209674835205078,0.17321676015853882,0.14290541410446167,0.8266327381134033,0.2816481590270996,0.3103100061416626,-0.021120011806488037,0.03031134605407715,0.00022302744935309704,0.00045938884980500916,0,0,0
7.639946222305298,1.1892473697662354,0.40898528695106506,-0.4034351706504822,0.15880107879638672,0.17266184091567993,0.1515573263168335,0.8107526302337646,0.2802620828151703,0.31242045760154724,-0.013860762119293213,0.021104514598846436,9.606036326381684e-05,0.00022270026822646116,0,0,0
7.740362882614136,1.2035856246948242,0.426033616065979,-0.39004284143447876,0.14338254928588867,0.1704832911491394,0.13392329216003418,0.7964143753051758,0.2775520086288452,0.31607645750045776,-0.027100741863250732,0.036559998989105225,0.0003672251047692754,0.0006683167630416875,0,0,0
7.840803623199463,1.2191574573516846,0.4418383538722992,-0.3748241364955902,0.15571832656860352,0.1580473780632019,0.1521870493888855,0.7808425426483154,0.2773191034793854,0.3166624903678894,-0.0023290514945983887,0.005860328674316406,2.712240432245494e-06,1.7171726085507544e-05,0,0,0
7.9414098262786865,1.2361832857131958,0.4596977233886719,-0.36076390743255615,0.1702582836151123,0.1785936951637268,0.14060229063034058,0.7638167142868042,0.2764855623245239,0.320461630821228,-0.008335411548614502,0.03799140453338623,3.4739542842388005e-05,0.0007216734092096999,0,0,0
8.041939973831177,1.2511401176452637,0.4762226641178131,-0.3447490930557251,0.1495683193206787,0.16524940729141235,0.16014814376831055,0.7488598823547363,0.27491745352745056,0.3209717571735382,-0.015681087970733643,0.005101263523101807,0.00012294825997294367,1.3011444766064528e-05,0,0,0
8.143093824386597,1.2676202058792114,0.49405205249786377,-0.3311387896537781,0.16480088233947754,0.1782938838005066,0.13610303401947021,0.7323797941207886,0.27356815338134766,0.32519084215164185,-0.013493001461029053,0.04219084978103638,9.103054421366608e-05,0.0008900339026229886,0,0,0
8.24346661567688,1.2812343835830688,0.5110486745834351,-0.3170414865016937,0.13614177703857422,0.1699662208557129,0.1409730315208435,0.7187656164169312,0.2701857089996338,0.3280901610851288,-0.03382444381713867,0.028993189334869385,0.0005720464997693853,0.0004203025139037919,0,0,0
8.343887567520142,1.2977889776229858,0.5277349352836609,-0.3028566241264343,0.16554594039916992,0.1668626070022583,0.141848623752594,0.7022110223770142,0.27005404233932495,0.3305915594100952,-0.001316666603088379,0.025013983249664307,8.668054718441454e-07,0.00031284967900724325,0,0,0
8.444336175918579,1.3119035959243774,0.5430840253829956,-0.2889502942562103,0.14114618301391602,0.15349090099334717,0.13906329870224,0.6880964040756226,0.26881957054138184,0.33203431963920593,-0.012344717979431152,0.014427602291107178,7.619603099584538e-05,0.00010407785393518054,0,0,0
8.544910669326782,1.3269611597061157,0.5595662593841553,-0.27518126368522644,0.1505756378173828,0.16482234001159668,0.13769030570983887,0.6730388402938843,0.26739490032196045,0.3347475230693817,-0.014246702194213867,0.027132034301757812,0.00010148426170530911,0.0003680736426758813,0,0,0
8.645293951034546,1.3405338525772095,0.5757288336753845,-0.2625683546066284,0.1357269287109375,0.16162574291229248,0.12612909078598022,0.6594661474227905,0.26480501890182495,0.33829718828201294,-0.02589881420135498,0.035496652126312256,0.0003353742885181532,0.0006300061560882142,0,0,0
8.745729923248291,1.3557010889053345,0.5926719307899475,-0.24815519154071808,0.15167236328125,0.16943097114562988,0.1441316306591034,0.6442989110946655,0.26302915811538696,0.3408271223306656,-0.017758607864379883,0.02529934048652649,0.0001576840766404075,0.0003200283145265992,0,0,0
8.84617805480957,1.3710235357284546,0.6084767580032349,-0.23370569944381714,0.15322446823120117,0.15804827213287354,0.1444949209690094,0.6289764642715454,0.2625467777252197,0.342182457447052,-0.004823803901672363,0.013553351163864136,1.1634542040894758e-05,9.184666388550866e-05,0,0,0
8.947438478469849,1.3870633840560913,0.6257417798042297,-0.21894237399101257,0.1603984832763672,0.17265021800994873,0.14763325452804565,0.6129366159439087,0.2613216042518616,0.3446841537952423,-0.012251734733581543,0.025016963481903076,7.50525019910242e-05,0.00031292423092743604,0,0,0
9.047982215881348,1.4017350673675537,0.643371045589447,-0.20511654019355774,0.14671683311462402,0.17629265785217285,0.13825833797454834,0.5982649326324463,0.2583640217781067,0.34848758578300476,-0.029575824737548828,0.03803431987762451,0.0004373647044531026,0.0007233047442767315,0,0,0
9.148439407348633,1.4178966283798218,0.6612899899482727,-0.19023273885250092,0.16161561012268066,0.17918944358825684,0.14883801341056824,0.5821033716201782,0.2566066384315491,0.3515227288007736,-0.017573833465576172,0.0303514301776886,0.0001544198113379025,0.0004606046569155531,0,0,0
9.24887204170227,1.433821678161621,0.6769691109657288,-0.17503826320171356,0.15925049781799316,0.15679121017456055,0.15194475650787354,0.5661783218383789,0.25685256719589233,0.3520073741674423,0.002459287643432617,0.004846453666687012,3.024047856570178e-06,1.174405657167199e-05,0,0,0
9.349298477172852,1.4493025541305542,0.693933367729187,-0.1621156483888626,0.15480875968933105,0.16964256763458252,0.12922614812850952,0.5506974458694458,0.2553691864013672,0.3560490161180496,-0.014833807945251465,0.040416419506073,0.00011002092907830274,0.000816743482845439,0,0,0
9.449692726135254,1.4631587266921997,0.710723876953125,-0.14675286412239075,0.13856172561645508,0.16790509223937988,0.15362784266471863,0.5368412733078003,0.2524348497390747,0.35747674107551575,-0.029343366622924805,0.014277249574661255,0.00043051658238368873,0.00010191992770858249,0,0,0
9.55010461807251,1.4785749912261963,0.7266902923583984,-0.13394556939601898,0.15416264533996582,0.15966415405273438,0.12807294726371765,0.5214250087738037,0.25188469886779785,0.3606358617544174,-0.005501508712768555,0.031591206789016724,1.513329905833416e-05,0.0004990021731932082,0,0,0
9.65056848526001,1.493504524230957,0.7433096766471863,-0.11891045421361923,0.14929533004760742,0.16619384288787842,0.1503511518239975,0.506495475769043,0.25019484758377075,0.3622201308608055,-0.016898512840270996,0.01584269106388092,0.00014277986810640186,0.00012549543007278618,0,0,0
9.75100302696228,1.5089308023452759,0.7601845264434814,-0.1045415922999382,0.15426278114318848,0.16874849796295166,0.1436886191368103,0.4910691976547241,0.24874627590179443,0.36472611874341965,-0.014485716819763184,0.025059878826141357,0.000104917995891185,0.00031399876339044397,1,0,0
9.851581335067749,1.52397620677948,0.7764773368835449,-0.09003860503435135,0.15045404434204102,0.16292810440063477,0.14502987265586853,0.47602379322052,0.24749886989593506,0.36651594191789627,-0.01247406005859375,0.017898231744766235,7.780108717270195e-05,0.0001601733497946789,1,0,0
9.951982259750366,1.5386713743209839,0.7942910194396973,-0.0753415897488594,0.14695167541503906,0.17813682556152344,0.14697015285491943,0.4613286256790161,0.24438035488128662,0.36963260918855667,-0.031185150146484375,0.031166672706604004,0.0004862567948293872,0.0004856807438002875,1,0,0
10.052716493606567,1.5512784719467163,0.8119070529937744,-0.06204651668667793,0.12607097625732422,0.17616033554077148,0.13295073062181473,0.4487215280532837,0.2393714189529419,0.37395356968045235,-0.050089359283447266,0.04320960491895676,0.0012544719567131324,0.000933534978626166,1,0,0
10.153807640075684,1.5582305192947388,0.8275502324104309,-0.047932565212249756,0.06952047348022461,0.15643179416656494,0.14113951474428177,0.44176948070526123,0.23068028688430786,0.37548279762268066,-0.08691132068634033,0.015292279422283173,0.0037767888317219445,0.00011692690496459268,1,0,0
10.254535675048828,1.5625602006912231,0.8441307544708252,-0.0339687205851078,0.04329681396484375,0.16580522060394287,0.13963844627141953,0.43743979930877686,0.21842944622039795,0.378099475055933,-0.12250840663909912,0.026166774332523346,0.007504154848625433,0.0003423500394846013,1,0,0
10.355010747909546,1.5653808116912842,0.860762894153595,-0.01911609061062336,0.02820611000061035,0.16632139682769775,0.14852629974484444,0.4346191883087158,0.2046179175376892,0.37987898476421833,-0.1381152868270874,0.017795097082853317,0.009537916227664311,0.00015833274009408732,1,0,0
10.455575942993164,1.5677481889724731,0.8777215480804443,-0.004331950563937426,0.02367377281188965,0.16958653926849365,0.14784140046685934,0.43225181102752686,0.1900266408920288,0.38205349864438176,-0.145912766456604,0.02174513880163431,0.010645267707509731,0.00023642553075117105,1,0,0
10.556020498275757,1.570374608039856,0.8930462598800659,0.009015539661049843,0.026264190673828125,0.15324711799621582,0.13347490224987268,0.42962539196014404,0.17732834815979004,0.3840307202190161,-0.1269829273223877,0.019772215746343136,0.008062331915681398,0.00019547025775996972,1,0,0
10.65646743774414,1.5738478899002075,0.9107365012168884,0.0237434022128582,0.034732818603515625,0.1769024133682251,0.14727862551808357,0.4261521100997925,0.1631113886833191,0.3869930990040302,-0.14216959476470947,0.029623787850141525,0.010106096837780854,0.0004387844032950963,1,0,0
10.756828546524048,1.57774019241333,0.9280513525009155,0.0388074666261673,0.038923025131225586,0.173148512840271,0.15064064413309097,0.4222598075866699,0.14968883991241455,0.38924388587474823,-0.1342254877090454,0.022507868707180023,0.00900824077536555,0.00025330207686982686,1,0,0
10.857270956039429,1.582446575164795,0.9453302025794983,0.05399945378303528,0.04706382751464844,0.17278850078582764,0.1519198715686798,0.4175534248352051,0.13711637258529663,0.391330748796463,-0.1257246732711792,0.020868629217147827,0.00790334673457238,0.00021774984270139797,1,0,0
10.957650184631348,1.5878264904022217,0.9604986906051636,0.06735069304704666,0.05379915237426758,0.15168488025665283,0.13351239264011383,0.4121735095977783,0.1273277997970581,0.3931479975581169,-0.09788572788238525,0.018172487616539,0.004790807861532187,0.00016511965308663168,1,0,0
11.058046102523804,1.593441367149353,0.9764918684959412,0.08214432746171951,0.05614876747131348,0.15993177890777588,0.14793634414672852,0.406558632850647,0.11694949865341187,0.39434754103422165,-0.1037830114364624,0.011995434761047363,0.005385456731410443,7.19452275532717e-05,1,0,0
11.158540487289429,1.600221872329712,0.9913834929466248,0.09665293246507645,0.06780505180358887,0.14891624450683594,0.14508605003356934,0.3997781276702881,0.10883837938308716,0.3947305604815483,-0.08111119270324707,0.0038301944732666016,0.0032895127908716404,7.33519485152101e-06,1,0,0
11.258904457092285,1.6065953969955444,1.0050932168960571,0.10920360684394836,0.0637352466583252,0.13709723949432373,0.12550674378871918,0.39340460300445557,0.1015021800994873,0.39588961005210876,-0.07336199283599854,0.011590495705604553,0.00269099099643455,6.71697953508188e-05,1,0,0
11.359237432479858,1.6137285232543945,1.0172861814498901,0.12344540655612946,0.07133126258850098,0.12192964553833008,0.1424179971218109,0.38627147674560547,0.0964423418045044,0.3938407748937607,-0.0505983829498291,-0.020488351583480835,0.0012800981785687782,0.00020988627530416082,1,0,0
11.459593057632446,1.621123194694519,1.0298491716384888,0.1377125382423401,0.07394671440124512,0.12562990188598633,0.14267131686210632,0.37887680530548096,0.09127402305603027,0.3921366333961487,-0.05168318748474121,-0.017041414976119995,0.0013355759342914553,0.00014520491219416343,1,0,0
11.56024432182312,1.6286954879760742,1.0418550968170166,0.15206071734428406,0.07572293281555176,0.12005925178527832,0.1434817910194397,0.3713045120239258,0.08684039115905762,0.38979437947273254,-0.04433631896972656,-0.023422539234161377,0.0009828545898926677,0.0002743076720879145,1,0,0
11.660624504089355,1.6361669301986694,1.053295373916626,0.16498643159866333,0.07471442222595215,0.11440277099609375,0.12925714254379272,0.36383306980133057,0.08287155628204346,0.38830894231796265,-0.0396883487701416,-0.014854371547698975,0.0007875825140502002,0.00011032617703854442,1,0,0
11.76129937171936,1.6431084871292114,1.0635685920715332,0.1795525699853897,0.06941556930541992,0.10273218154907227,0.1456613838672638,0.3568915128707886,0.07953989505767822,0.3840160220861435,-0.033316612243652344,-0.04292920231819153,0.0005549983256969426,0.0009214582058381104,1,0,0
11.86168646812439,1.6505458354949951,1.0742301940917969,0.1945934295654297,0.07437348365783691,0.10661602020263672,0.15040859580039978,0.3494541645050049,0.07631564140319824,0.3796367645263672,-0.032242536544799805,-0.04379257559776306,0.0005197905814213755,0.0009588948387428964,1,0,0
11.9621102809906,1.657497763633728,1.0839462280273438,0.20902472734451294,0.0695192813873291,0.09716033935546875,0.14431297779083252,0.342502236366272,0.07355153560638428,0.3749215006828308,-0.02764105796813965,-0.04715263843536377,0.0003820140427990282,0.0011116856557080723,1,0,0
12.06250286102295,1.6652770042419434,1.0943729877471924,0.22354523837566376,0.07779240608215332,0.10426759719848633,0.14520511031150818,0.33472299575805664,0.07090401649475098,0.3708277493715286,-0.026475191116333008,-0.04093751311302185,0.0003504678723231791,0.000837939989939418,1,0,0
12.162866592407227,1.6723018884658813,1.1035429239273071,0.23670712113380432,0.07024884223937988,0.09169936180114746,0.13161882758140564,0.32769811153411865,0.06875896453857422,0.3668358027935028,-0.021450519561767578,-0.03991946578025818,0.00023006239473488677,0.0007967818740906019,1,0,0
12.263278484344482,1.6747992038726807,1.112762212753296,0.2509842813014984,0.024973154067993164,0.0921928882598877,0.14277160167694092,0.32520079612731934,0.062036991119384766,0.3617779314517975,-0.06721973419189453,-0.05057871341705322,0.0022592463324144774,0.0012791031254621998,1,0,0
12.363935470581055,1.675186276435852,1.1217821836471558,0.2652340233325958,0.003870725631713867,0.09019970893859863,0.14249742031097412,0.32481372356414795,0.05340409278869629,0.35654816031455994,-0.08632898330688477,-0.05229771137237549,0.0037263466794001943,0.0013675253073941462,1,0,0
12.464406728744507,1.6726279258728027,1.1301567554473877,0.27803316712379456,-0.025583505630493164,0.08374571800231934,0.1279914379119873,0.32737207412719727,0.04247117042541504,0.35212358832359314,-0.1093292236328125,-0.04424571990966797,0.005976439570076764,0.0009788418651623942,1,0,0
12.565026044845581,1.6718618869781494,1.1372206211090088,0.2916344702243805,-0.007660388946533203,0.07063865661621094,0.13601303100585938,0.3281381130218506,0.034641265869140625,0.3455861508846283,-0.07829904556274414,-0.06537437438964844,0.0030653702680183414,0.0021369044134189608,1,0,0
12.665709257125854,1.6729135513305664,1.143818736076355,0.3020779490470886,0.010516643524169922,0.06598114967346191,0.1044347882270813,0.3270864486694336,0.029094815254211426,0.34174078702926636,-0.05546450614929199,-0.038453638553619385,0.0015381557211924246,0.0007393411590062016,1,0,0
12.766279697418213,1.6740292310714722,1.1489589214324951,0.31101107597351074,0.011156797409057617,0.05140185356140137,0.08933126926422119,0.32597076892852783,0.02507030963897705,0.3379478454589844,-0.04024505615234375,-0.037929415702819824,0.0008098322723526508,0.0007193202877786575,1,0,0
12.867011785507202,1.6746574640274048,1.15310800075531,0.32008418440818787,0.006282329559326172,0.041490793228149414,0.09073108434677124,0.3253425359725952,0.021549463272094727,0.3330238163471222,-0.03520846366882324,-0.049240291118621826,0.0006198179569594231,0.0012123031347233137,1,0,0
12.96745491027832,1.6748284101486206,1.1568973064422607,0.32867974042892456,0.0017094612121582031,0.037893056869506836,0.08595556020736694,0.3251715898513794,0.017931103706359863,0.3282175660133362,-0.03618359565734863,-0.04806250333786011,0.0006546262973472494,0.001155002113550907,1,0,0
13.068994760513306,1.6744886636734009,1.161881446838379,0.3394568860530853,-0.0033974647521972656,0.04984140396118164,0.10777145624160767,0.3255113363265991,0.012607216835021973,0.3224245607852936,-0.053238868713378906,-0.057930052280426025,0.0014171885709401977,0.0016779454786064463,1,0,0
13.170009136199951,1.6747342348098755,1.1669427156448364,0.3523261845111847,0.0024557113647460938,0.050612688064575195,0.12869298458099365,0.3252657651901245,0.0077915191650390625,0.31461653113365173,-0.0481569766998291,-0.07808029651641846,0.0011595472024339415,0.003048266352045914,1,0,0
13.270511388778687,1.674168348312378,1.1725775003433228,0.36522620916366577,-0.005658864974975586,0.05634784698486328,0.1290002465248108,0.32583165168762207,0.0015908479690551758,0.307351291179657,-0.06200671195983887,-0.07265239953994751,0.0019224161640352122,0.0026391855794560826,1,0,0
13.371024131774902,1.6739537715911865,1.1784106492996216,0.3799656927585602,-0.0021457672119140625,0.05833148956298828,0.1473948359489441,0.3260462284088135,-0.004456877708435059,0.2984449565410614,-0.060477256774902344,-0.08906334638595581,0.0018287492935087357,0.003966139834732374,1,0,0
13.47156286239624,1.6737380027770996,1.1834211349487305,0.39550891518592834,-0.0021576881408691406,0.05010485649108887,0.15543222427368164,0.3262619972229004,-0.00968313217163086,0.2879122197628021,-0.05226254463195801,-0.10532736778259277,0.0013656867857037014,0.005546927202004781,1,0,0
13.572147369384766,1.673502802848816,1.188113808631897,0.4097846448421478,-0.002351999282836914,0.04692673683166504,0.14275729656219482,0.3264971971511841,-0.014611005783081055,0.27832916378974915,-0.04927873611450195,-0.09583055973052979,0.0012141969165213595,0.0045917480891333184,1,0,0
13.672733545303345,1.6734942197799683,1.191832184791565,0.42494437098503113,-8.58306884765625e-05,0.03718376159667969,0.151597261428833,0.32650578022003174,-0.01833796501159668,0.2668878138065338,-0.03726959228515625,-0.11441349983215332,0.0006945112545508891,0.006545224471921074,1,0,0
13.773220300674438,1.6734004020690918,1.1952073574066162,0.4398987293243408,-0.0009381771087646484,0.033751726150512695,0.14954358339309692,0.3265995979309082,-0.021806955337524414,0.2553086280822754,-0.034689903259277344,-0.11579185724258423,0.0006016946940690104,0.006703877101843503,1,0,0
13.873656749725342,1.6734426021575928,1.1982513666152954,0.4554998278617859,0.0004220008850097656,0.030440092086791992,0.15601098537445068,0.3265573978424072,-0.024808764457702637,0.24275153875350952,-0.030018091201782227,-0.1255708932876587,0.00045054289969925776,0.007884024620530283,1,0,0
13.974122047424316,1.673370599746704,1.2008932828903198,0.4716900885105133,-0.0007200241088867188,0.02641916275024414,0.16190260648727417,0.3266294002532959,-0.027522683143615723,0.22920319437980652,-0.02713918685913086,-0.13548344373703003,0.00036826773168741056,0.00917788176342249,1,0,0
14.074683904647827,1.67343008518219,1.203208327293396,0.4881509244441986,0.0005948543548583984,0.02315044403076172,0.16460835933685303,0.32656991481781006,-0.029778242111206055,0.2150574028491974,-0.02255558967590332,-0.1414579153060913,0.0002543773128138582,0.01000517090137265,1,0,0
14.175102233886719,1.673479676246643,1.2050057649612427,0.5035080313682556,0.00049591064453125,0.017974376678466797,0.15357106924057007,0.32652032375335693,-0.03152608871459961,0.20149773359298706,-0.017478466033935547,-0.13559669256210327,0.0001527483874497193,0.009193231516890776,1,1,0
14.275742292404175,1.6733918190002441,1.2064423561096191,0.5186517834663391,-0.0008785724639892578,0.014365911483764648,0.15143752098083496,0.32660818099975586,-0.033050537109375,0.18779057264328003,-0.015244483947753906,-0.1370716094970703,0.00011619714541666326,0.009394313065058668,1,1,0
14.376214981079102,1.6734434366226196,1.207404375076294,0.5335254073143005,0.0005161762237548828,0.009620189666748047,0.14873623847961426,0.32655656337738037,-0.033960938453674316,0.1738789677619934,-0.009104013442993164,-0.1391160488128662,4.144153038510012e-05,0.009676637518651887,1,1,0
14.476670742034912,1.673452615737915,1.208454966545105,0.5478941202163696,9.179115295410156e-05,0.010505914688110352,0.14368712902069092,0.32654738426208496,-0.03500235080718994,0.16056084632873535,-0.01041412353515625,-0.13318121433258057,5.4226984502747655e-05,0.008868617925550382,1,1,0
14.577045440673828,1.6734603643417358,1.2099157571792603,0.5613152980804443,7.748603820800781e-05,0.014607906341552734,0.13421177864074707,0.32653963565826416,-0.036455392837524414,0.14860045909881592,-0.014530420303344727,-0.11960387229919434,0.00010556655709592633,0.007152543134480993,1,1,0
14.67745304107666,1.6734081506729126,1.2116038799285889,0.5758357048034668,-0.0005221366882324219,0.016881227493286133,0.1452040672302246,0.3265918493270874,-0.03819572925567627,0.13576817512512207,-0.017403364181518555,-0.12832283973693848,0.0001514385424172815,0.008233375599075998,1,1,0
14.77789044380188,1.6734027862548828,1.213315725326538,0.5899770259857178,-5.364418029785156e-05,0.017118453979492188,0.14141321182250977,0.3265972137451172,-0.03991293907165527,0.12333869934082031,-0.01717209815979004,-0.12429475784301758,0.00014744047760473222,0.00772459341362719,1,1,0
14.878312826156616,1.6733773946762085,1.2151023149490356,0.6022425293922424,-0.00025391578674316406,0.017865896224975586,0.12265503406524658,0.3266226053237915,-0.04172492027282715,0.11285978555679321,-0.01811981201171875,-0.104789137840271,0.00016416379367001355,0.005490381704653657,1,1,0
14.978749513626099,1.6733449697494507,1.2166380882263184,0.6151724457740784,-0.000324249267578125,0.015357732772827148,0.12929916381835938,0.3266550302505493,-0.043293118476867676,0.10146564245223999,-0.015681982040405273,-0.11394143104553223,0.00012296228035779677,0.0064913248543518876,1,1,0
15.079326868057251,1.6733307838439941,1.2186228036880493,0.6276040077209473,-0.0001418590545654297,0.01984715461730957,0.12431561946868896,0.32666921615600586,-0.045292019844055176,0.09101879596710205,-0.019989013671875,-0.1044684648513794,0.00019978033378720284,0.005456830074201946,1,1,0
15.179858207702637,1.6733273267745972,1.2207379341125488,0.6381513476371765,-3.457069396972656e-05,0.021151304244995117,0.10547339916229248,0.32667267322540283,-0.04741060733795166,0.08258658647537231,-0.021185874938964844,-0.08432209491729736,0.0002244206484647293,0.003555107845620853,1,1,0
15.280374765396118,1.6733872890472412,1.2231431007385254,0.6493092775344849,0.0005996227264404297,0.024051666259765625,0.1115792989730835,0.3266127109527588,-0.04975581169128418,0.07383382320404053,-0.023452043533325195,-0.08752763271331787,0.00027499917294449006,0.0038305432441987364,1,1,0
15.380857467651367,1.6733832359313965,1.2258315086364746,0.6595349907875061,-4.0531158447265625e-05,0.026884078979492188,0.1022571325302124,0.3266167640686035,-0.052448272705078125,0.0662965178489685,-0.026924610137939453,-0.07537305355072021,0.000362467315540016,0.0028405486007798686,1,1,0
15.481328248977661,1.6733379364013672,1.2284517288208008,0.6684456467628479,-0.00045299530029296875,0.02620220184326172,0.08910655975341797,0.3266620635986328,-0.055113792419433594,0.06000608205795288,-0.026655197143554688,-0.06290435791015625,0.000355249767380883,0.0019784791220445186,1,1,0
15.581857204437256,1.6732827425003052,1.2315011024475098,0.6771529316902161,-0.0005519390106201172,0.030493736267089844,0.08707284927368164,0.3267172574996948,-0.05821835994720459,0.0543481707572937,-0.03104567527770996,-0.0565791130065918,0.00048191697672450573,0.0016005980143063425,1,1,0
15.68241262435913,1.6733176708221436,1.2344833612442017,0.6847361922264099,0.00034928321838378906,0.029822587966918945,0.07583260536193848,0.32668232917785645,-0.061165690422058105,0.04974716901779175,-0.029473304748535156,-0.04601001739501953,0.0004343378464000125,0.001058460850345,1,1,0
15.783059358596802,1.673317551612854,1.237796425819397,0.6920645833015442,-1.1920928955078125e-06,0.033130645751953125,0.07328391075134277,0.326682448387146,-0.06447887420654297,0.04573184251785278,-0.03313183784484863,-0.04015326499938965,0.000548859339488672,0.0008061423450556049,1,1,0
15.883509397506714,1.6732912063598633,1.2408355474472046,0.6992632150650024,-0.00026345252990722656,0.030391216278076172,0.07198631763458252,0.3267087936401367,-0.06754434108734131,0.04157233238220215,-0.0306546688079834,-0.04159510135650635,0.00046985435986357516,0.0008650762284290181,1,1,0
15.984022617340088,1.6732364892959595,1.2444895505905151,0.7056035995483398,-0.0005471706390380859,0.03654003143310547,0.06340384483337402,0.3267635107040405,-0.07125306129455566,0.03888595104217529,-0.037087202072143555,-0.026863813400268555,0.0006877302787700046,0.0003608322352022242,1,1,0
16.084445476531982,1.6732540130615234,1.2480589151382446,0.711982250213623,0.00017523765563964844,0.03569364547729492,0.06378650665283203,0.32674598693847656,-0.07480490207672119,0.03607666492462158,-0.03551840782165527,-0.02809286117553711,0.0006307786470927113,0.00039460442451400013,1,1,0
16.184856176376343,1.6733264923095703,1.2518624067306519,0.717736005783081,0.00072479248046875,0.038034915924072266,0.05753755569458008,0.3266735076904297,-0.07853591442108154,0.0341264009475708,-0.037310123443603516,-0.019502639770507812,0.0006960226556884663,0.0001901764790090965,1,1,0
16.285343647003174,1.6732197999954224,1.2557145357131958,0.7227040529251099,-0.0010669231414794922,0.03852128982543945,0.049680471420288086,0.32678020000457764,-0.08249473571777344,0.03301048278808594,-0.039588212966918945,-0.011159181594848633,0.0007836133029570647,6.226366693340424e-05,1,1,0
16.385792016983032,1.6732382774353027,1.2595070600509644,0.7277814149856567,0.00018477439880371094,0.03792524337768555,0.05077362060546875,0.32676172256469727,-0.08626878261566162,0.03172564506530762,-0.037740468978881836,-0.012848377227783203,0.0007121714993729711,8.2540398693709e-05,1,1,0
16.486453533172607,1.6732460260391235,1.2638037204742432,0.7324975728988647,7.748603820800781e-05,0.042966604232788086,0.04716157913208008,0.32675397396087646,-0.09055769443511963,0.03130614757537842,-0.04288911819458008,-0.004194974899291992,0.00091973822975433,8.79890720284493e-06,1,1,0
16.586899757385254,1.6732251644134521,1.2681480646133423,0.7365663647651672,-0.0002086162567138672,0.04344344139099121,0.0406879186630249,0.32677483558654785,-0.09492290019989014,0.03158169984817505,-0.04365205764770508,0.0027555227279663086,0.0009527510684392837,3.7964527521694436e-06,1,1,0
16.68755531311035,1.6733741760253906,1.2718448638916016,0.7404900193214417,0.0014901161193847656,0.03696799278259277,0.03923654556274414,0.3266258239746094,-0.09847068786621094,0.03135484457015991,-0.03547787666320801,-0.002268552780151367,0.0006293398662648997,2.5731658581662487e-06,1,1,0
16.788013219833374,1.6732869148254395,1.2650972604751587,0.743640661239624,-0.0008726119995117188,-0.06747603416442871,0.03150641918182373,0.32671308517456055,-0.09181034564971924,0.021456599235534668,0.06660342216491699,-0.09898245334625244,0.002218007922039078,0.004898763035221521,1,1,0
16.888455867767334,1.6732064485549927,1.2645165920257568,0.7466136813163757,-0.0008046627044677734,-0.005806684494018555,0.02973020076751709,0.3267935514450073,-0.09131014347076416,0.017902910709381104,0.005002021789550781,-0.035536885261535645,1.25101109915704e-05,0.0006314351070457747,1,1,0
16.989048719406128,1.6731585264205933,1.2685457468032837,0.7502495646476746,-0.0004792213439941406,0.040291547775268555,0.03635883331298828,0.32684147357940674,-0.09538722038269043,0.01829618215560913,-0.040770769119262695,0.0039327144622802734,0.0008311278072881123,7.73312152091421e-06,1,1,0
17.08953070640564,1.673175573348999,1.272349238395691,0.7539584040641785,0.0001704692840576172,0.038034915924072266,0.03708839416503906,0.326824426651001,-0.0991736650466919,0.01839083433151245,-0.03786444664001465,0.0009465217590332031,0.0007168581596772583,4.479517201616545e-07,1,1,0
17.19008493423462,1.673228144645691,1.2745511531829834,0.7574580907821655,0.0005257129669189453,0.022019147872924805,0.034996867179870605,0.3267718553543091,-0.10132300853729248,0.01709306240081787,-0.02149343490600586,-0.0129777193069458,0.00023098387202935555,8.42105992049369e-05,1,1,0
17.290438175201416,1.6731520891189575,1.2752761840820312,0.7604101300239563,-0.0007605552673339844,0.007250308990478516,0.029520392417907715,0.3268479108810425,-0.10212409496307373,0.014866054058074951,-0.0080108642578125,-0.0222700834274292,3.208697307854891e-05,0.00024797830793232833,1,1,0
17.391099214553833,1.6732372045516968,1.2757607698440552,0.7633768320083618,0.0008511543273925781,0.004845857620239258,0.029667019844055176,0.3267627954483032,-0.1025235652923584,0.01238393783569336,-0.00399470329284668,-0.024821162223815918,7.978827198940053e-06,0.0003080450470704932,1,1,0
17.491416215896606,1.673197627067566,1.2755056619644165,0.7659873962402344,-0.00039577484130859375,-0.0025510787963867188,0.026105642318725586,0.3268023729324341,-0.10230803489685059,0.009518265724182129,0.002155303955078125,-0.028656721115112305,2.322667569387704e-06,0.0004106038325346617,1,1,0
17.591890573501587,1.6731716394424438,1.2752301692962646,0.7685877084732056,-0.0002598762512207031,-0.0027549266815185547,0.026003122329711914,0.32682836055755615,-0.1020585298538208,0.006642460823059082,0.0024950504302978516,-0.02875804901123047,3.112638324864747e-06,0.00041351269146616687,1,1,0
17.692306995391846,1.6731635332107544,1.2747633457183838,0.7709134221076965,-8.106231689453125e-05,-0.004668235778808594,0.023257136344909668,0.3268364667892456,-0.1015998125076294,0.003849923610687256,0.0045871734619140625,-0.02792537212371826,1.0521080184844323e-05,0.0003899132041240705,1,1,0
17.79274320602417,1.6731704473495483,1.2741575241088867,0.7732613682746887,6.914138793945312e-05,-0.006058216094970703,0.023479461669921875,0.32682955265045166,-0.10098707675933838,0.000896155834197998,0.006127357482910156,-0.029537677764892578,1.8772254861687543e-05,0.0004362372038713147,1,1,0
17.89306378364563,1.6731184720993042,1.2738873958587646,0.7754210829734802,-0.0005197525024414062,-0.002701282501220703,0.02159714698791504,0.3268815279006958,-0.10076892375946045,-0.0015336871147155762,0.002181529998779297,-0.024298429489135742,2.3795365677869995e-06,0.0002952068378192507,1,1,0
17.993343830108643,1.6731356382369995,1.2736353874206543,0.7774161100387573,0.000171661376953125,-0.0025200843811035156,0.019950270652770996,0.3268643617630005,-0.10049974918365479,-0.0037807226181030273,0.0026917457580566406,-0.02247035503387451,3.6227476130079594e-06,0.0002524584276741848,1,1,1
18.09371328353882,1.673081398010254,1.2735027074813843,0.7792771458625793,-0.0005424022674560547,-0.0013267993927001953,0.018610358238220215,0.3269186019897461,-0.10042130947113037,-0.005774438381195068,0.0007843971252441406,-0.01993715763092041,3.07639425045636e-07,0.00019874512720008397,1,1,1
18.193963766098022,1.673195481300354,1.273382306098938,0.7808800339698792,0.0011408329010009766,-0.0012040138244628906,0.016028881072998047,0.326804518699646,-0.10018682479858398,-0.007497727870941162,0.002344846725463867,-0.017232894897460938,2.7491530829593103e-06,0.0001484863332734676,1,1,1
18.294233322143555,1.6731311082839966,1.273438811302185,0.782164454460144,-0.0006437301635742188,0.0005650520324707031,0.012844204902648926,0.3268688917160034,-0.10030770301818848,-0.008725643157958984,-0.0012087821960449219,-0.012279152870178223,7.30577198737592e-07,7.538879760460304e-05,1,1,1
18.394421577453613,1.6731257438659668,1.2733564376831055,0.7835926413536072,-5.364418029785156e-05,-0.0008237361907958984,0.014281868934631348,0.3268742561340332,-0.10023069381713867,-0.010236203670501709,0.0007700920104980469,-0.015105605125427246,2.9652085231646197e-07,0.00011408965310266694,1,1,1
18.494742393493652,1.673095464706421,1.2733503580093384,0.7849932909011841,-0.0003027915954589844,-6.079673767089844e-05,0.014006495475769043,0.3269045352935791,-0.10025489330291748,-0.011642932891845703,-0.00024199485778808594,-0.014067292213439941,2.928075559793797e-08,9.8944355109154e-05,1,1,1
18.595003604888916,1.6731599569320679,1.273371934890747,0.7862979769706726,0.0006449222564697266,0.00021576881408691406,0.013046860694885254,0.32684004306793213,-0.1002119779586792,-0.012926042079925537,0.0004291534423828125,-0.01283109188079834,9.208633855450898e-08,8.231845942674454e-05,1,1,1
18.695427894592285,1.673067569732666,1.2735040187835693,0.7875233888626099,-0.0009238719940185547,0.0013208389282226562,0.012254118919372559,0.326932430267334,-0.10043644905090332,-0.014019370079040527,-0.002244710922241211,-0.010933279991149902,2.519363562214494e-06,5.9768305682439404e-05,1,1,1
18.795616149902344,1.673056721687317,1.2733291387557983,0.7889481782913208,-0.00010848045349121094,-0.001748800277709961,0.014247894287109375,0.3269432783126831,-0.10027241706848145,-0.015619039535522461,0.00164031982421875,-0.015996694564819336,1.3453245628625154e-06,0.00012794711850006024,1,1,1
18.89597797393799,1.673071265220642,1.2732515335083008,0.7904064059257507,0.00014543533325195312,-0.0007760524749755859,0.014582276344299316,0.3269287347793579,-0.10018026828765869,-0.01715487241744995,0.0009214878082275391,-0.015358328819274902,4.245698903559969e-07,0.00011793913206048501,1,1,1
18.99640130996704,1.6730836629867554,1.2730871438980103,0.7922267317771912,0.0001239776611328125,-0.0016438961029052734,0.018203258514404297,0.32691633701324463,-0.10000348091125488,-0.019139587879180908,0.001767873764038086,-0.01984715461730957,1.562688822787095e-06,0.0001969547732016963,1,1,1
19.096840381622314,1.6731265783309937,1.2731667757034302,0.7940173149108887,0.0004291534423828125,0.0007963180541992188,0.017905831336975098,0.32687342166900635,-0.10004019737243652,-0.020850539207458496,-0.00036716461181640625,-0.01710951328277588,6.740492608514614e-08,0.00014636772238674212,1,1,1
19.197053909301758,1.6730622053146362,1.2730612754821777,0.7956928014755249,-0.0006437301635742188,-0.001055002212524414,0.016754865646362305,0.32693779468536377,-0.0999990701675415,-0.022631525993347168,0.0004112720489501953,-0.01780986785888672,8.457234912384592e-08,0.0001585956965755031,1,1,1
19.297273635864258,1.6730828285217285,1.2730531692504883,0.7974992990493774,0.00020623207092285156,-8.106231689453125e-05,0.01806497573852539,0.3269171714782715,-0.09997034072875977,-0.02444612979888916,0.0002872943878173828,-0.018146038055419922,4.126903263568238e-08,0.000164639348554374,1,1,1
19.39754629135132,1.6730494499206543,1.2729449272155762,0.7994316816329956,-0.0003337860107421875,-0.0010824203491210938,0.01932382583618164,0.3269505500793457,-0.09989547729492188,-0.026486754417419434,0.0007486343383789062,-0.020406246185302734,2.8022668630001135e-07,0.0002082074416875912,1,1,1
19.4978609085083,1.6730687618255615,1.2729531526565552,0.8011860251426697,0.00019311904907226562,8.225440979003906e-05,0.017543435096740723,0.3269312381744385,-0.09988439083099365,-0.028232872486114502,0.00011086463928222656,-0.017461180686950684,6.1454841215891065e-09,0.00015244641549116977,1,1,1
19.59814977645874,1.6730602979660034,1.272990345954895,0.8030602335929871,-8.463859558105469e-05,0.0003719329833984375,0.018742084503173828,0.3269397020339966,-0.0999300479888916,-0.03006988763809204,-0.0004565715789794922,-0.01837015151977539,1.0422880336591334e-07,0.00016873123342975305,1,1,1
19.698410511016846,1.673042893409729,1.272894263267517,0.804943323135376,-0.00017404556274414062,-0.0009608268737792969,0.01883089542388916,0.326957106590271,-0.09985136985778809,-0.03204905986785889,0.0007867813110351562,-0.019791722297668457,3.0951241569709964e-07,0.0001958561357540134,1,1,1
19.79867672920227,1.6730109453201294,1.2728831768035889,0.8068017363548279,-0.00031948089599609375,-0.00011086463928222656,0.018584132194519043,0.3269890546798706,-0.09987223148345947,-0.033918559551239014,-0.0002086162567138672,-0.01869499683380127,2.1760371282653068e-08,0.00017475145330791975,1,1,1
19.899064779281616,1.673014760017395,1.272796630859375,0.8089063763618469,3.814697265625e-05,-0.0008654594421386719,0.02104640007019043,0.326985239982605,-0.09978187084197998,-0.036109745502471924,0.0009036064147949219,-0.0219118595123291,4.082522764292662e-07,0.00024006479364402367,1,1,1
19.99965214729309,1.6730059385299683,1.2728462219238281,0.8108878135681152,-8.821487426757812e-05,0.00049591064453125,0.019814372062683105,0.32699406147003174,-0.09984028339385986,-0.03804159164428711,-0.0005841255187988281,-0.019318461418151855,1.7060131085600005e-07,0.0001866014757823109,1,1,1
20.100069761276245,1.6729754209518433,1.2728402614593506,0.8131200671195984,-0.00030517578125,-5.9604644775390625e-05,0.022322535514831543,0.32702457904815674,-0.09986484050750732,-0.0402798056602478,-0.0002455711364746094,-0.022382140159606934,3.015259153471561e-08,0.00025048009906214475,1,1,1
20.200474500656128,1.6730130910873413,1.2728224992752075,0.8153061866760254,0.00037670135498046875,-0.00017762184143066406,0.02186119556427002,0.3269869089126587,-0.09980940818786621,-0.04248368740081787,0.0005543231964111328,-0.022038817405700684,1.5363710303972766e-07,0.0002428547363209077,1,1,1
20.300729036331177,1.6730259656906128,1.2728557586669922,0.8177128434181213,0.00012874603271484375,0.0003325939178466797,0.024066567420959473,0.3269740343093872,-0.0998297929763794,-0.04485708475112915,-0.00020384788513183594,-0.023733973503112793,2.077698013636109e-08,0.00028165074912323007,1,1,1
20.40106987953186,1.672991156578064,1.2728627920150757,0.819956362247467,-0.00034809112548828125,7.033348083496094e-05,0.02243518829345703,0.32700884342193604,-0.09987163543701172,-0.04709357023239136,-0.0004184246063232422,-0.02236485481262207,8.75395755883801e-08,0.0002500933653948323,1,1,1
20.501381635665894,1.672988772392273,1.272836685180664,0.8188211917877197,-2.384185791015625e-05,-0.00026106834411621094,-0.011351704597473145,0.32701122760772705,-0.09984791278839111,-0.045984506607055664,0.0002372264862060547,0.011090636253356934,2.8138202878835727e-08,6.150110625213756e-05,1,1,1
20.60204815864563,1.6730400323867798,1.272911548614502,0.8075954914093018,0.0005125999450683594,0.0007486343383789062,-0.11225700378417969,0.3269599676132202,-0.09987151622772217,-0.034683942794799805,-0.00023603439331054688,0.1130056381225586,2.7856117412738968e-08,0.006385137123743334,1,1,1
20.702282905578613,1.673004150390625,1.272851824760437,0.805902361869812,-0.00035881996154785156,-0.0005972385406494141,-0.01693129539489746,0.326995849609375,-0.09984767436981201,-0.033050537109375,0.0002384185791015625,0.016334056854248047,2.8421709430404007e-08,0.0001334007066589038,1,1,1
20.802461624145508,1.6729426383972168,1.2728012800216675,0.8088282942771912,-0.0006151199340820312,-0.0005054473876953125,0.029259324073791504,0.3270573616027832,-0.09985864162445068,-0.03602701425552368,-0.00010967254638671875,-0.029764771461486816,6.014033715473488e-09,0.00044297081007727,1,1,1
20.902685165405273,1.6729437112808228,1.2727760076522827,0.8138525485992432,1.0728836059570312e-05,-0.00025272369384765625,0.05024254322052002,0.32705628871917725,-0.09983229637145996,-0.04107654094696045,0.00026345252990722656,-0.050495266914367676,3.470361775725905e-08,0.0012748859903766174,1,1,1
21.002919912338257,1.6729800701141357,1.2728043794631958,0.8168519139289856,0.0003635883331298828,0.0002837181091308594,0.029993653297424316,0.32701992988586426,-0.09982430934906006,-0.044047534465789795,7.987022399902344e-05,-0.029709935188293457,3.1896263408270897e-09,0.0004413401244462989,1,1,1
21.103151559829712,1.6729443073272705,1.272804617881775,0.8183785080909729,-0.00035762786865234375,2.384185791015625e-06,0.015265941619873047,0.3270556926727295,-0.0998603105545044,-0.045573890209198,-0.0003600120544433594,-0.015263557434082031,6.480433967226418e-08,0.00011648809277176042,1,1,1
21.203351497650146,1.672960877418518,1.2728267908096313,0.818665623664856,0.00016570091247558594,0.00022172927856445312,0.0028711557388305664,0.32703912258148193,-0.09986591339111328,-0.04583883285522461,-5.602836608886719e-05,-0.0026494264602661133,1.5695889032940613e-09,3.5097302841791134e-06,1,1,1
21.303555011749268,1.6729668378829956,1.2727673053741455,0.8189210295677185,5.9604644775390625e-05,-0.0005948543548583984,0.0025540590286254883,0.3270331621170044,-0.0998004674911499,-0.046153724193573,0.0006544589996337891,-0.0031489133834838867,2.1415829110082996e-07,4.95782774834197e-06,1,1,1
21.40380024909973,1.672918677330017,1.2727601528167725,0.8189441561698914,-0.00048160552978515625,-7.152557373046875e-05,0.00023126602172851562,0.3270813226699829,-0.09984147548675537,-0.046184003353118896,-0.0004100799560546875,-0.0003027915954589844,8.408278517890722e-08,4.5841375140298624e-08,1,1,1
21.504058122634888,1.672926664352417,1.2727638483047485,0.8193820118904114,7.987022399902344e-05,3.695487976074219e-05,0.004378557205200195,0.327073335647583,-0.09983718395233154,-0.04661816358566284,4.291534423828125e-05,-0.004341602325439453,9.208633855450898e-10,9.424755376130634e-06,1,1,1
21.60432529449463,1.6730223894119263,1.2728756666183472,0.8193978071212769,0.0009572505950927734,0.0011181831359863281,0.00015795230865478516,0.32697761058807373,-0.0998532772064209,-0.04652214050292969,-0.0001609325408935547,0.000960230827331543,1.2949641359227826e-08,4.6102162087890974e-07,1,1,1
21.70480704307556,1.6729941368103027,1.272854208946228,0.8195747137069702,-0.00028252601623535156,-0.00021457672119140625,0.0017690658569335938,0.32700586318969727,-0.09986007213592529,-0.04672050476074219,-6.794929504394531e-05,-0.001983642578125,2.3085533484845655e-09,1.9674189388751984e-06,1,1,1
21.805073022842407,1.6729707717895508,1.2728177309036255,0.8200963139533997,-0.00023365020751953125,-0.0003647804260253906,0.005216002464294434,0.3270292282104492,-0.09984695911407471,-0.04727858304977417,0.00013113021850585938,-0.005580782890319824,8.597567102697212e-09,1.5572568834443246e-05,1,1,1
21.905410289764404,1.6729613542556763,1.2727426290512085,0.8204333186149597,-9.417533874511719e-05,-0.0007510185241699219,0.003370046615600586,0.32703864574432373,-0.09978127479553223,-0.04769068956375122,0.0006568431854248047,-0.004121065139770508,2.1572148511950218e-07,8.491588943115858e-06,1,1,1
22.005688905715942,1.672942876815796,1.272761344909668,0.8206058144569397,-0.00018477439880371094,0.00018715858459472656,0.0017249584197998047,0.3270571231842041,-0.09981846809387207,-0.04784446954727173,-0.0003719329833984375,-0.0015377998352050781,6.916707206983119e-08,1.1824141665783827e-06,1,1,1
22.106024503707886,1.6729744672775269,1.2727547883987427,0.8206058144569397,0.0003159046173095703,-6.556510925292969e-05,0.0,0.32702553272247314,-0.09978032112121582,-0.04785102605819702,0.0003814697265625,-6.556510925292969e-05,7.275957614183426e-08,2.149391775674303e-09,1,1,1
22.206326961517334,1.6729167699813843,1.272749423980713,0.8206384181976318,-0.0005769729614257812,-5.364418029785156e-05,0.0003260374069213867,0.3270832300186157,-0.09983265399932861,-0.047888994216918945,-0.0005233287811279297,-0.0003796815872192383,1.3693650657842227e-07,7.207905383666002e-08,1,1,1
22.30659294128418,1.6729321479797363,1.2727553844451904,0.8206343650817871,0.0001537799835205078,5.9604644775390625e-05,-4.0531158447265625e-05,0.32706785202026367,-0.0998232364654541,-0.04787898063659668,9.417533874511719e-05,0.00010013580322265625,4.434497213878785e-09,5.013589543523267e-09,1,1,1
22.406860828399658,1.6728962659835815,1.2727128267288208,0.8205628991127014,-0.00035881996154785156,-0.00042557716369628906,-0.0007146596908569336,0.32710373401641846,-0.09981656074523926,-0.047850072383880615,6.67572021484375e-05,0.00028908252716064453,2.228262019343674e-09,4.178435375479239e-08,1,1,1
22.507150173187256,1.6729098558425903,1.2727158069610596,0.8204584121704102,0.00013589859008789062,2.9802322387695312e-05,-0.0010448694229125977,0.32709014415740967,-0.09980595111846924,-0.047742605209350586,0.00010609626770019531,0.001074671745300293,5.6282090099557536e-09,5.774596800733889e-07,1,1,1
22.607420682907104,1.6728848218917847,1.2727566957473755,0.8203101754188538,-0.0002503395080566406,0.0004088878631591797,-0.0014823675155639648,0.32711517810821533,-0.09987187385559082,-0.04755347967147827,-0.0006592273712158203,0.0018912553787231445,2.1729036348006048e-07,1.7884234537746124e-06,1,1,1
22.70773148536682,1.6729015111923218,1.2727737426757812,0.8203101754188538,0.00016689300537109375,0.0001704692840576172,0.0,0.3270984888076782,-0.09987223148345947,-0.04753643274307251,-3.5762786865234375e-06,0.0001704692840576172,6.394884621840902e-12,1.4529888403558289e-08,1,1,1
22.808034658432007,1.6729015111923218,1.2727129459381104,0.8202393651008606,0.0,-0.0006079673767089844,-0.0007081031799316406,0.3270984888076782,-0.09981143474578857,-0.047526419162750244,0.0006079673767089844,0.00010013580322265625,1.8481216557120206e-07,5.013589543523267e-09,1,1,1
22.90914225578308,1.6728975772857666,1.272678017616272,0.8201130628585815,-3.933906555175781e-05,-0.00034928321838378906,-0.0012630224227905273,0.3271024227142334,-0.09978044033050537,-0.04743504524230957,0.00030994415283203125,0.0009137392044067383,4.803268893738277e-08,4.174596668349295e-07,1,1,1
23.009541749954224,1.672898530960083,1.2727652788162231,0.8200812339782715,9.5367431640625e-06,0.0008726119995117188,-0.00031828880310058594,0.327101469039917,-0.09986674785614014,-0.04731595516204834,-0.0008630752563476562,0.0011909008026123047,3.724494490597863e-07,7.091223608313157e-07,1,1,1
23.10978603363037,1.6728570461273193,1.272676706314087,0.8198880553245544,-0.00041484832763671875,-0.0008857250213623047,-0.0019317865371704102,0.32714295387268066,-0.09981966018676758,-0.04721134901046753,0.00047087669372558594,0.0010460615158081055,1.1086243034696963e-07,5.471223474273756e-07,1,1,1
23.21010136604309,1.6728482246398926,1.2726868391036987,0.8198947906494141,-8.821487426757812e-05,0.00010132789611816406,6.73532485961914e-05,0.3271517753601074,-0.09983861446380615,-0.04720795154571533,-0.0001895427703857422,3.3974647521972656e-05,1.7963230902751093e-08,5.771383371211414e-10,1,1,1
23.31040596961975,1.6729151010513306,1.272697925567627,0.819897472858429,0.0006687641143798828,0.00011086463928222656,2.682209014892578e-05,0.32708489894866943,-0.09978282451629639,-0.047199547290802,0.0005578994750976562,8.404254913330078e-05,1.5562591215712018e-07,3.531575032411638e-09,1,1,1
23.410772562026978,1.672844648361206,1.2726362943649292,0.819866955280304,-0.0007045269012451172,-0.0006163120269775391,-0.00030517578125,0.32715535163879395,-0.09979164600372314,-0.047230660915374756,-8.821487426757812e-05,-0.00031113624572753906,3.890932021022309e-09,4.8402881702713785e-08,1,1,1
23.511287689208984,1.6728476285934448,1.2726826667785645,0.8200809359550476,2.9802322387695312e-05,0.00046372413635253906,0.0021398067474365234,0.3271523714065552,-0.09983503818511963,-0.047398269176483154,-0.00043392181396484375,-0.0016760826110839844,9.414407031727023e-08,1.4046264595890534e-06,1,1,1
23.611579179763794,1.6728911399841309,1.272695779800415,0.8198193907737732,0.00043511390686035156,0.00013113021850585938,-0.0026154518127441406,0.32710886001586914,-0.09980463981628418,-0.047123610973358154,0.0003039836883544922,0.00274658203125,4.6203041392800515e-08,3.771856427192688e-06,1,1,1
23.7119243144989,1.672890067100525,1.2726483345031738,0.8197120428085327,-1.0728836059570312e-05,-0.0004744529724121094,-0.0010734796524047852,0.3271099328994751,-0.09975826740264893,-0.04706370830535889,0.00046372413635253906,0.0005990266799926758,1.0752003731795412e-07,1.794164816715238e-07,1,1,1
23.81233024597168,1.672837495803833,1.2726448774337769,0.8201104402542114,-0.0005257129669189453,-3.457069396972656e-05,0.003983974456787109,0.327162504196167,-0.09980738162994385,-0.04746556282043457,-0.0004911422729492188,-0.004018545150756836,1.2061036613886245e-07,8.07435256433564e-06,1,1,1
23.91254210472107,1.672856330871582,1.2726627588272095,0.8201408386230469,0.00018835067749023438,0.00017881393432617188,0.0003039836883544922,0.32714366912841797,-0.09980642795562744,-0.0474780797958374,9.5367431640625e-06,-0.0001251697540283203,4.547473508864641e-11,7.833733661755105e-09,1,1,1
24.012761116027832,1.67280113697052,1.2726261615753174,0.820228636264801,-0.0005519390106201172,-0.00036597251892089844,0.0008779764175415039,0.32719886302948,-0.09982502460479736,-0.04760247468948364,-0.00018596649169921875,-0.0012439489364624023,1.7291768017457798e-08,7.73704478262971e-07,1,1,1
24.112984895706177,1.672816276550293,1.2726194858551025,0.8201299905776978,0.0001513957977294922,-6.67572021484375e-05,-0.0009864568710327148,0.32718372344970703,-0.09980320930480957,-0.047510504722595215,0.0002181529998779297,0.0009196996688842773,2.3795365677869995e-08,4.229237404729247e-07,1,1,1
24.213276863098145,1.6728202104568481,1.272639274597168,0.820103645324707,3.933906555175781e-05,0.00019788742065429688,-0.00026345252990722656,0.32717978954315186,-0.09981906414031982,-0.04746437072753906,-0.00015854835510253906,0.00046133995056152344,1.2568790452860412e-08,1.0641727499205444e-07,1,1,1
24.313735008239746,1.672837257385254,1.2726002931594849,0.8200289607048035,0.0001704692840576172,-0.0003898143768310547,-0.0007468461990356445,0.3271627426147461,-0.09976303577423096,-0.047428667545318604,0.0005602836608886719,0.00035703182220458984,1.5695889032940613e-07,6.373586103336493e-08,1,1,1
24.413978099822998,1.6728180646896362,1.2725945711135864,0.8199736475944519,-0.0001919269561767578,-5.7220458984375e-05,-0.000553131103515625,0.32718193531036377,-0.0997765064239502,-0.04737907648086548,-0.0001347064971923828,0.00049591064453125,9.07292019292072e-09,1.229636836796999e-07,1,1,1
24.514193058013916,1.6728123426437378,1.2726198434829712,0.8200743794441223,-5.7220458984375e-05,0.00025272369384765625,0.0010073184967041016,0.3271876573562622,-0.0998075008392334,-0.04745453596115112,-0.00030994415283203125,-0.0007545948028564453,4.803268893738277e-08,2.847066582489788e-07,1,1,1
24.6144015789032,1.672824740409851,1.2726444005966187,0.8198937177658081,0.0001239776611328125,0.0002455711364746094,-0.0018066167831420898,0.3271752595901489,-0.09981966018676758,-0.04724931716918945,-0.00012159347534179688,0.0020521879196166992,7.392486622848082e-09,2.105737628710358e-06,1,1,1
24.71466040611267,1.6728127002716064,1.2726490497589111,0.8198074102401733,-0.00012040138244628906,4.649162292480469e-05,-0.0008630752563476562,0.32718729972839355,-0.09983634948730469,-0.04715836048126221,-0.00016689300537109375,0.0009095668792724609,1.3926637620897964e-08,4.1365595393472177e-07,1,1,1
24.814876317977905,1.6728156805038452,1.2725728750228882,0.8197697401046753,2.9802322387695312e-05,-0.0007617473602294922,-0.00037670135498046875,0.3271843194961548,-0.09975719451904297,-0.04719686508178711,0.0007915496826171875,-0.00038504600524902344,3.1327545002568513e-07,7.413021307911549e-08,1,1,1
24.91510033607483,1.672785997390747,1.2726153135299683,0.8198913931846619,-0.0002968311309814453,0.00042438507080078125,0.0012165307998657227,0.32721400260925293,-0.09982931613922119,-0.047276079654693604,-0.0007212162017822266,-0.0007921457290649414,2.6007640485659067e-07,3.137474280379138e-07,1,1,1
