time,d12,d23,S12,S23,U,x1,x2,x3
4.76837158203125e-07,0.46739269999579847,0.5091396272182465,-0.032607300004201534,0.00913962721824646,0.0005733843996262565,-8.62983779370552e-06,0.46738407015800476,0.9765236973762512
0.3007512092590332,0.4799756505599362,0.42634761333465576,-0.020024349440063816,-0.07365238666534424,0.0029128243159995807,-6.170059350552037e-05,0.47991394996643066,0.9062615633010864
0.6014223098754883,0.48870283307041973,0.38451722264289856,-0.011297166929580271,-0.11548277735710144,0.0067319489233723315,-0.0013139540096744895,0.48738887906074524,0.8719061017036438
0.9020450115203857,0.48648349079303443,0.3779905140399933,-0.013516509206965566,-0.12200948596000671,0.00753450534268353,-0.003165489761158824,0.4833180010318756,0.8613085150718689
1.2026960849761963,0.4790065276902169,0.39121538400650024,-0.0209934723097831,-0.10878461599349976,0.0061374092782374165,-0.003665386466309428,0.47534114122390747,0.8665565252304077
1.5033202171325684,0.4690090795047581,0.41978180408477783,-0.03099092049524188,-0.08021819591522217,0.0036976980545176848,-0.004417576361447573,0.46459150314331055,0.8843733072280884
1.804149866104126,0.45893969805911183,0.45129790902137756,-0.041060301940888166,-0.048702090978622437,0.0020289210305834606,-0.005995687562972307,0.4529440104961395,0.9042419195175171
2.104763984680176,0.45161347882822156,0.4748637080192566,-0.04838652117177844,-0.025136291980743408,0.0014865443028240742,-0.00764452712610364,0.4439689517021179,0.9188326597213745
2.405441999435425,0.44826631899923086,0.49016159772872925,-0.05173368100076914,-0.009838402271270752,0.0013865839545703436,-0.009769133292138577,0.4384971857070923,0.9286587834358215
2.7064647674560547,0.4478425970301032,0.4981088638305664,-0.05215740296989679,-0.0018911361694335938,0.0013619855402877694,-0.012618719600141048,0.43522387742996216,0.9333327412605286
3.006892681121826,0.4488040851429105,0.5011477470397949,-0.05119591485708952,0.0011477470397949219,0.0013111695106608587,-0.01556194294244051,0.43324214220046997,0.9343898892402649
3.307509183883667,0.45060175843536854,0.5019922256469727,-0.04939824156463146,0.0019922256469726562,0.0012220776163530695,-0.01838594861328602,0.4322158098220825,0.9342080354690552
3.6081957817077637,0.45250558853149414,0.5026368498802185,-0.04749441146850586,0.002636849880218506,0.0011313360490152746,-0.021239399909973145,0.431266188621521,0.9339030385017395
3.908900022506714,0.4538584090769291,0.5040102005004883,-0.04614159092307091,0.004010200500488281,0.001072564060483068,-0.023925218731164932,0.42993319034576416,0.9339433908462524
4.209434509277344,0.4549866262823343,0.5061523616313934,-0.04501337371766567,0.006152361631393433,0.0010320276835448384,-0.026590311899781227,0.4283963143825531,0.9345486760139465
4.50988245010376,0.4560274835675955,0.508437842130661,-0.04397251643240452,0.00843784213066101,0.0010023896906100217,-0.02913171611726284,0.42689576745033264,0.9353336095809937
4.81024169921875,0.45699742808938026,0.5105172991752625,-0.043002571910619736,0.010517299175262451,0.0009799173864349989,-0.03162923827767372,0.42536818981170654,0.935885488986969
5.11086630821228,0.4579685628414154,0.5122053623199463,-0.042031437158584595,0.012205362319946289,0.0009578062894886052,-0.03405001759529114,0.42391854524612427,0.9361239075660706
5.411569595336914,0.4591395854949951,0.513417512178421,-0.04086041450500488,0.01341751217842102,0.0009248015532894449,-0.03650990128517151,0.4226296842098236,0.9360471963882446
5.712380409240723,0.4603878818452358,0.5140499770641327,-0.039612118154764175,0.01404997706413269,0.0008832608801048261,-0.03885241970419884,0.421535462141037,0.9355854392051697
6.013126850128174,0.4613591581583023,0.5147243142127991,-0.03864084184169769,0.014724314212799072,0.000854960043636166,-0.041032567620277405,0.4203265905380249,0.935050904750824
6.313735485076904,0.4624156728386879,0.5156484842300415,-0.0375843271613121,0.015648484230041504,0.0008287283534332002,-0.04343143850564957,0.41898423433303833,0.9346327185630798
6.61427640914917,0.46350906789302826,0.5160520076751709,-0.03649093210697174,0.0160520076751709,0.0007946275382196832,-0.04571579396724701,0.41779327392578125,0.9338452816009521
6.91498064994812,0.4647238925099373,0.516167402267456,-0.035276107490062714,0.016167402267456055,0.0007528943278641009,-0.04788941890001297,0.4168344736099243,0.9330018758773804
7.216341018676758,0.4656996876001358,0.5165094137191772,-0.0343003123998642,0.016509413719177246,0.0007245360860396177,-0.04999418556690216,0.41570550203323364,0.9322149157524109
7.516885280609131,0.466510608792305,0.5168233811855316,-0.03348939120769501,0.016823381185531616,0.0007022827389878694,-0.052071258425712585,0.4144393503665924,0.931262731552124
7.817552328109741,0.4672027938067913,0.5171116292476654,-0.032797206193208694,0.017111629247665405,0.0006842322947947024,-0.053985755890607834,0.41321703791618347,0.9303286671638489
8.118292570114136,0.4680056609213352,0.51736980676651,-0.03199433907866478,0.01736980676651001,0.0006626739600932366,-0.0559123195707798,0.4120933413505554,0.9294631481170654
8.418933391571045,0.46861016005277634,0.5176393389701843,-0.03138983994722366,0.017639338970184326,0.000648234165608691,-0.05785524100065231,0.410754919052124,0.9283942580223083
8.719587802886963,0.4692850224673748,0.5176807940006256,-0.0307149775326252,0.01768079400062561,0.0006280101606611146,-0.059725623577833176,0.4095593988895416,0.9272401928901672
9.020232677459717,0.4698425680398941,0.5179475545883179,-0.030157431960105896,0.01794755458831787,0.0006157927090645332,-0.061591699719429016,0.4082508683204651,0.926198422908783
9.320853233337402,0.47033001482486725,0.5181803107261658,-0.02966998517513275,0.01818031072616577,0.0006054158591962677,-0.0634782463312149,0.40685176849365234,0.9250320792198181
9.621492147445679,0.4709226116538048,0.5181620717048645,-0.02907738834619522,0.018162071704864502,0.0005876776808240447,-0.06528838723897934,0.40563422441482544,0.9237962961196899
9.92220664024353,0.4713669493794441,0.5183046460151672,-0.028633050620555878,0.018304646015167236,0.0005774558267899466,-0.06696761399507523,0.4043993353843689,0.9227039813995361
10.222882747650146,0.4719655364751816,0.5182566046714783,-0.02803446352481842,0.01825660467147827,0.0005596173796275083,-0.06879238784313202,0.40317314863204956,0.9214297533035278
10.523560523986816,0.47246816754341125,0.5181951820850372,-0.027531832456588745,0.01819518208503723,0.0005445332247626666,-0.07055282592773438,0.4019153416156769,0.9201105237007141
10.82423448562622,0.47244175523519516,0.5181694328784943,-0.02755824476480484,0.018169432878494263,0.0005447925728215008,-0.07163726538419724,0.4008044898509979,0.9189739227294922
11.124985933303833,0.4727635383605957,0.5183123648166656,-0.027236461639404297,0.01831236481666565,0.0005385837739066979,-0.07338884472846985,0.39937469363212585,0.9176870584487915
11.425851583480835,0.4732047915458679,0.5182529091835022,-0.02679520845413208,0.018252909183502197,0.0005255759448807851,-0.07512223720550537,0.39808255434036255,0.9163354635238647
11.726295232772827,0.47335532307624817,0.5182301700115204,-0.02664467692375183,0.018230170011520386,0.0005211389535100253,-0.0764930248260498,0.39686229825019836,0.9150924682617188
12.027194499969482,0.47354306280612946,0.5182321071624756,-0.026456937193870544,0.018232107162475586,0.0005161896286322021,-0.07790978252887726,0.3956332802772522,0.9138653874397278
12.3278648853302,0.47381146997213364,0.5182558000087738,-0.026188530027866364,0.018255800008773804,0.0005095566694904019,-0.07955073565244675,0.3942607343196869,0.9125165343284607
12.628483772277832,0.4739385023713112,0.5182561576366425,-0.026061497628688812,0.018256157636642456,0.0005062444751520456,-0.0809720829129219,0.3929664194583893,0.9112225770950317
12.929206132888794,0.47417204082012177,0.5182402729988098,-0.025827959179878235,0.018240272998809814,0.0004998955172342834,-0.08241687715053558,0.3917551636695862,0.909995436668396
13.229857683181763,0.47441666573286057,0.518230527639389,-0.025583334267139435,0.018230527639389038,0.0004934295651173592,-0.08402761071920395,0.3903890550136566,0.9086195826530457
13.530264854431152,0.4745474010705948,0.5182386636734009,-0.025452598929405212,0.01823866367340088,0.0004902418224262961,-0.08543916046619415,0.38910824060440063,0.9073469042778015
13.83085560798645,0.4748251512646675,0.5181068778038025,-0.02517484873533249,0.01810687780380249,0.00048081601632435356,-0.0868726447224617,0.3879525065422058,0.9060593843460083
14.131465435028076,0.47503750026226044,0.5181431174278259,-0.024962499737739563,0.018143117427825928,0.00047614955157826433,-0.08841817080974579,0.38661932945251465,0.9047624468803406
14.432060480117798,0.47523461282253265,0.5181053876876831,-0.024765387177467346,0.018105387687683105,0.0004705647326855855,-0.08986519277095795,0.3853694200515747,0.9034748077392578
14.732704162597656,0.47546444088220596,0.5180559456348419,-0.024535559117794037,0.01805594563484192,0.0004640054169955665,-0.09134043008089066,0.3841240108013153,0.9021799564361572
