time,x1,x2,x3,v1,v2,v3,wall_distance,distance_12,distance_23,predicted_v2,predicted_v3,S2,S3,U2,U3,surprise_factor_2,surprise_factor_3,v2_command,v3_command,cf1_stopped
1.1920928955078125e-06,0.016957949846982956,-0.6142298579216003,-1.1803966760635376,0.2870709300041199,-0.4210723638534546,0.04334978386759758,1.983042050153017,0.6311878077685833,0.5661668181419373,0.2870709300041199,-0.4210723638534546,0.7081432938575745,-0.46442214772105217,100.29338492709101,43.13758625876696,7.696135573395956e-88,3.397571855155478e-38,8.077113233308994e-89,1.7984521525138953e-39,False
0.10124874114990234,0.04093741253018379,-0.6520990133285522,-1.1774898767471313,0.17290863394737244,-0.17540958523750305,0.10829244554042816,1.9590625874698162,0.693036425858736,0.5253908634185791,0.17290863394737244,-0.17540958523750305,0.3483182191848755,-0.2837020307779312,24.265116363224593,16.097368453504444,8.38663459825903e-22,1.0423256254112298e-14,1.2579951897388545e-22,2.1172438074001263e-16,False
0.20163440704345703,0.05856860801577568,-0.6702971458435059,-1.1688686609268188,0.09888196736574173,-0.02425818145275116,0.12351104617118835,1.9414313919842243,0.7288657538592815,0.498571515083313,0.09888196736574173,-0.02425818145275116,0.12314014881849289,-0.14776922762393951,3.032699250208115,4.36714892651513,0.002321832578899858,0.00016096914568874168,0.0003482748868349787,-1.8395359733468927e-07,False
0.30205297470092773,0.0749322846531868,-0.6800411343574524,-1.1624959707260132,0.1035139411687851,0.031160153448581696,0.07527537643909454,1.9250677153468132,0.7549734190106392,0.4824548363685608,0.1035139411687851,0.031160153448581696,0.0723537877202034,-0.04411522299051285,1.0470141194920513,0.38923057990053467,0.12318989664660862,0.45911196794076575,0.018478484496991292,-0.006444155682138246,False
0.4024636745452881,0.09257136285305023,-0.6889169812202454,-1.1596068143844604,0.14430201053619385,0.008086513727903366,0.020976975560188293,1.9074286371469498,0.7814883440732956,0.4706898331642151,0.14430201053619385,0.008086513727903366,0.13621549680829048,-0.012890461832284927,3.7109323141458788,0.0332328012499189,0.0005980329959919676,0.9356951008751696,8.970494939879513e-05,-0.021940303611262254,False
0.5028045177459717,0.11417210847139359,-0.6990469098091125,-1.1592884063720703,0.18904806673526764,-0.03436196595430374,-0.008795819245278835,1.8858278915286064,0.8132190182805061,0.46024149656295776,0.18904806673526764,-0.03436196595430374,0.22341003268957138,-0.025566146709024906,9.98240854127107,0.130725571509477,2.1349618003318036e-09,0.7699334911314215,3.2024427004977055e-10,-0.02448912268275404,False
0.603280782699585,0.13756978511810303,-0.7093642354011536,-1.1594624519348145,0.21520479023456573,-0.06054523214697838,-0.015664925798773766,1.862430214881897,0.8469340205192566,0.4500982165336609,0.21520479023456573,-0.06054523214697838,0.2757500223815441,-0.04488030634820461,15.207614968684416,0.4028483795817391,6.177794708788588e-14,0.4467765224490777,9.266692063182882e-15,-0.017835956224878297,False
0.7038493156433105,0.16075119376182556,-0.7180262804031372,-1.1584593057632446,0.2173302173614502,-0.06534068286418915,-0.0029932719189673662,1.8392488062381744,0.8787774741649628,0.4404330253601074,0.2173302173614502,-0.06534068286418915,0.28267090022563934,-0.06234741094522178,15.98056756687467,0.7774399303144721,1.3166046240595971e-14,0.211214756324734,1.9749069360893957e-15,-0.010065139226853216,False
0.8046011924743652,0.18207144737243652,-0.7244744300842285,-1.1557258367538452,0.2018919438123703,-0.046411700546741486,0.017960555851459503,1.8179285526275635,0.906545877456665,0.4312514066696167,0.2018919438123703,-0.046411700546741486,0.24830364435911179,-0.06437225639820099,12.330939960403253,0.8287574787591456,1.9475187026435908e-11,0.1906120711266873,2.9212780539653863e-12,-0.010483449409400577,False
0.9051806926727295,0.20122456550598145,-0.72721266746521,-1.1511781215667725,0.1807071566581726,-0.015088208019733429,0.040589720010757446,1.7987754344940186,0.9284372329711914,0.4239654541015625,0.1807071566581726,-0.015088208019733429,0.19579536467790604,-0.055677928030490875,7.667164965870843,0.6200063339537043,2.1897025643002111e-07,0.2893805520697918,3.284553846450317e-08,-0.017602335094772614,False
1.0057854652404785,0.21789659559726715,-0.7264865040779114,-1.145243763923645,0.15931154787540436,0.014336650259792805,0.057488322257995605,1.7821034044027328,0.9443830996751785,0.41875725984573364,0.15931154787540436,0.014336650259792805,0.14497489761561155,-0.0431516719982028,4.203544187731411,0.37241335924809593,0.00022327901606824954,0.4748165697410269,3.349185241023743e-05,-0.030860319357128272,False
1.1064465045928955,0.23198044300079346,-0.7232199311256409,-1.1386195421218872,0.14693741500377655,0.03889830783009529,0.06470927596092224,1.7680195569992065,0.9552003741264343,0.41539961099624634,0.14693741500377655,0.03889830783009529,0.10803910717368126,-0.02581096813082695,2.334489735777237,0.1332412151701129,0.009381839076825865,0.7660694631877862,0.0014072758615238797,-0.05184781967166677,False
1.2073137760162354,0.24710193276405334,-0.7185574769973755,-1.132072925567627,0.14253167808055878,0.05154990032315254,0.061571743339300156,1.7528980672359467,0.9656594097614288,0.41351544857025146,0.14253167808055878,0.05154990032315254,0.09098177775740623,-0.010021843016147614,1.655536776779612,0.02008746748806134,0.03647699272066965,0.9606213781750262,0.005471548908100447,-0.06646312718823517,False
1.307891607284546,0.26182958483695984,-0.7138894200325012,-1.1267093420028687,0.14390403032302856,0.05355396866798401,0.04903825744986534,1.7381704151630402,0.9757190048694611,0.41281992197036743,0.14390403032302856,0.05355396866798401,0.09035006165504456,0.004515711218118668,1.6326267282140705,0.004078329561088556,0.03818725505173267,0.9918765161607385,0.0057280882577599,-0.06917749765972263,False
1.4084141254425049,0.2759222388267517,-0.708862841129303,-1.1221436262130737,0.14923229813575745,0.050777871161699295,0.029177162796258926,1.7240777611732483,0.9847850799560547,0.41328078508377075,0.14923229813575745,0.050777871161699295,0.09845442697405815,0.02160070836544037,1.9386548381580297,0.0933181203777611,0.020706457386556226,0.8297455090952672,0.0031059686079834337,-0.05756390330320683,False
1.5089688301086426,0.29228585958480835,-0.703995943069458,-1.1194263696670532,0.15410935878753662,0.04640039801597595,0.011947979219257832,1.7077141404151917,0.9962818026542664,0.4154304265975952,0.15410935878753662,0.04640039801597595,0.10770896077156067,0.03445241879671812,2.320244046097919,0.2373938321888912,0.009652984930904794,0.622017118835709,0.001447947739635719,-0.04208297791114307,False
1.6095614433288574,0.30866125226020813,-0.6995880603790283,-1.1174811124801636,0.15720276534557343,0.04281838238239288,-0.0008473700727336109,1.6913387477397919,1.0082493126392365,0.41789305210113525,0.15720276534557343,0.04281838238239288,0.11438438296318054,0.043665752455126494,2.6167574131735094,0.3813395874944771,0.005334741620904251,0.4664151437673481,0.0008002112431356377,-0.03063673912683773,False
1.7099628448486328,0.32278281450271606,-0.6949160695075989,-1.1159237623214722,0.15615732967853546,0.03992548584938049,-0.003007690655067563,1.677217185497284,1.017698884010315,0.4210076928138733,0.15615732967853546,0.03992548584938049,0.11623184382915497,0.042933176504448056,2.701968303985014,0.36865152895241815,0.004498835884661066,0.4784024008281406,0.0006748253826991599,-0.030232087523837603,False
1.8105287551879883,0.338291198015213,-0.6907176971435547,-1.1141620874404907,0.15361984074115753,0.03864353150129318,0.002558372216299176,1.661708801984787,1.0290088951587677,0.42344439029693604,0.15361984074115753,0.03864353150129318,0.11497630923986435,0.036085159284994006,2.6439103372841832,0.26042774412467784,0.005052759877565089,0.5940121601183278,0.0007579139816347633,-0.03637997047111411,False
1.9114060401916504,0.3538556396961212,-0.6860131025314331,-1.1117517948150635,0.15062548220157623,0.03763970732688904,0.011400199495255947,1.6461443603038788,1.0398687422275543,0.42573869228363037,0.15062548220157623,0.03763970732688904,0.1129857748746872,0.02623950783163309,2.5531570648066992,0.13770235424926686,0.006058372195347574,0.7592647801278267,0.0009087558293021361,-0.045107196380219414,False
2.011986255645752,0.3691632151603699,-0.6813287138938904,-1.1089591979980469,0.14813828468322754,0.036665402352809906,0.016629477962851524,1.6308367848396301,1.0504919290542603,0.4276304841041565,0.14813828468322754,0.036665402352809906,0.11147288233041763,0.02003592438995838,2.485240699010227,0.08028765323202583,0.00693980642141402,0.8516536861293004,0.001040970963212103,-0.0493070119808705,False
2.1132054328918457,0.3843247592449188,-0.677150309085846,-1.106141448020935,0.1473531574010849,0.03600664436817169,0.01572919264435768,1.6156752407550812,1.0614750683307648,0.4289911389350891,0.1473531574010849,0.03600664436817169,0.11134651303291321,0.02027745172381401,2.479609192917742,0.08223500968232156,0.007018411379043723,0.8483431904309313,0.0010527617068565585,-0.048191906995738595,False
2.21370530128479,0.397845596075058,-0.6726911067962646,-1.103640079498291,0.14639414846897125,0.03392244502902031,0.00777345011010766,1.602154403924942,1.0705367028713226,0.43094897270202637,0.14639414846897125,0.03392244502902031,0.11247170343995094,0.02614899491891265,2.5299768149368544,0.1367539870538639,0.006345853764127295,0.7607062703779296,0.0009518780646190941,-0.04202203955328491,False
2.3142402172088623,0.41347813606262207,-0.6684024333953857,-1.1022870540618896,0.14862486720085144,0.03150809928774834,-0.0004964169347658753,1.586521863937378,1.0818805694580078,0.4338846206665039,0.14862486720085144,0.03150809928774834,0.1171167679131031,0.03200451622251421,2.7432674652823312,0.20485781172743509,0.00414217225049092,0.6638390035388759,0.000621325837573638,-0.035111974028274276,False
2.4148573875427246,0.4273064136505127,-0.6648218631744385,-1.1016384363174438,0.14809949696063995,0.029230326414108276,-0.008575739338994026,1.5726935863494873,1.0921282768249512,0.43681657314300537,0.14809949696063995,0.029230326414108276,0.11886917054653168,0.0378060657531023,2.825975941284087,0.285859721545579,0.003510657691476287,0.5645538853957642,0.0005265986537214431,-0.02853635929978832,False
2.5153443813323975,0.4427034854888916,-0.6612252593040466,-1.1011266708374023,0.14831234514713287,0.026053817942738533,-0.010701180435717106,1.5572965145111084,1.1039287447929382,0.4399014115333557,0.14831234514713287,0.026053817942738533,0.12225852720439434,0.03675499837845564,2.9894294948375264,0.2701859811600553,0.002531713355910199,0.5825315322903475,0.0003797570033865298,-0.028007458262369046,False
2.6163063049316406,0.45826804637908936,-0.6577321887016296,-1.1007920503616333,0.14887619018554688,0.023274336010217667,-0.009962677024304867,1.5417319536209106,1.116000235080719,0.44305986166000366,0.14887619018554688,0.023274336010217667,0.1256018541753292,0.03323701303452253,3.1551651544561325,0.22093980709140415,0.001817432825794977,0.6428270180534353,0.00027261492386924653,-0.02928212746931995,False
2.7183187007904053,0.4733116626739502,-0.6547852158546448,-1.100223422050476,0.1483895480632782,0.021125156432390213,-0.006830917671322823,1.5266883373260498,1.128096878528595,0.4454382061958313,0.1483895480632782,0.021125156432390213,0.12726439163088799,0.027956074103713036,3.2392450754360063,0.15630841585845892,0.001536128251192802,0.7315301580295422,0.00023041923767892026,-0.031930878115151065,False
2.8197765350341797,0.4873996078968048,-0.6516860127449036,-1.0993579626083374,0.14897897839546204,0.0186952892690897,-0.0038764760829508305,1.5126003921031952,1.1390856206417084,0.44767194986343384,0.14897897839546204,0.0186952892690897,0.13028368912637234,0.02257176535204053,3.394767930475446,0.10189691822151546,0.0011254910373039396,0.8156305071414688,0.00016882365559559094,-0.034144283256489334,False
2.9203240871429443,0.5025893449783325,-0.6490155458450317,-1.0984529256820679,0.1497575044631958,0.01712355948984623,-0.003221886930987239,1.4974106550216675,1.1516048908233643,0.44943737983703613,0.1497575044631958,0.01712355948984623,0.13263394497334957,0.02034544642083347,3.5183526718387044,0.08278743801260108,0.0008790178584742952,0.8474064104056636,0.00013185267877114428,-0.03427767076240179,False
3.0207929611206055,0.5184198021888733,-0.6464616060256958,-1.097690224647522,0.15074093639850616,0.015096880495548248,-0.004544499795883894,1.4815801978111267,1.164881408214569,0.45122861862182617,0.15074093639850616,0.015096880495548248,0.13564405590295792,0.019641380291432142,3.6798619803609545,0.0771567639505318,0.0006363740995426537,0.8570032844444765,9.545611493139806e-05,-0.03343778722239132,False
3.121304988861084,0.5322847366333008,-0.6440714597702026,-1.0973392724990845,0.14940358698368073,0.013020171783864498,-0.008597123436629772,1.4677152633666992,1.1763561964035034,0.45326781272888184,0.14940358698368073,0.013020171783864498,0.13638341519981623,0.02161729522049427,3.7200871883130926,0.09346149053000088,0.0005871827976629669,0.8295076217229274,8.807741964944504e-05,-0.031011764416940552,False
3.2218246459960938,0.5478194355964661,-0.6419004797935486,-1.0972087383270264,0.14940102398395538,0.011276768520474434,-0.012062625959515572,1.452180564403534,1.1897199153900146,0.4553082585334778,0.14940102398395538,0.011276768520474434,0.13812425546348095,0.023339394479990005,3.8156619894681896,0.10894546693851759,0.0004850182790682991,0.8042131492937381,7.275274186024486e-05,-0.028753348921770703,False
3.3224329948425293,0.5622332096099854,-0.6397655010223389,-1.097287654876709,0.14979608356952667,0.009982867166399956,-0.014068280346691608,1.4377667903900146,1.2019987106323242,0.4575221538543701,0.14979608356952667,0.009982867166399956,0.13981321640312672,0.024051147513091564,3.9095470961975085,0.11569153933929811,0.0004019856395904952,0.7934354596023533,6.029784593857428e-05,-0.026962743503580716,False
3.4230337142944336,0.578385055065155,-0.6378181576728821,-1.0974117517471313,0.15226244926452637,0.00940781831741333,-0.014265916310250759,1.421614944934845,1.216203212738037,0.45959359407424927,0.15226244926452637,0.00940781831741333,0.14285463094711304,0.02367373462766409,4.081489116607173,0.11208914224421235,0.0002850122964424239,0.7991726415820483,4.275184446636358e-05,-0.025833355328414992,False
3.523682117462158,0.5929304361343384,-0.6358669400215149,-1.0976417064666748,0.15250077843666077,0.008224240504205227,-0.013975662179291248,1.4070695638656616,1.2287973761558533,0.4617747664451599,0.15250077843666077,0.008224240504205227,0.14427653793245554,0.022199902683496475,4.163143879555056,0.0985671358313428,0.00024206899742696309,0.8210803780831833,3.6310349614044464e-05,-0.02510879137562087,False
3.6241908073425293,0.6078385710716248,-0.6341908574104309,-1.0974961519241333,0.14998729526996613,0.006419002544134855,-0.011644772253930569,1.3921614289283752,1.2420294284820557,0.4633052945137024,0.14998729526996613,0.006419002544134855,0.14356829272583127,0.018063774798065424,4.122370935241995,0.06525999199104471,0.00026263590660022306,0.8776389540523519,3.939538599003346e-05,-0.025763762353802667,False
3.7246525287628174,0.6235849261283875,-0.6325218081474304,-1.0973905324935913,0.15053388476371765,0.006418728735297918,-0.010340211912989616,1.3764150738716125,1.2561067342758179,0.4648687243461609,0.15053388476371765,0.006418728735297918,0.14411515602841973,0.016758940648287535,4.153835639419153,0.05617241833056484,0.00024661767899206724,0.8937360114140288,3.6992651848810085e-05,-0.025118468942999156,False
3.825164556503296,0.6371424794197083,-0.6310189962387085,-1.0972450971603394,0.14972183108329773,0.005087830126285553,-0.009744205512106419,1.3628575205802917,1.2681614756584167,0.46622610092163086,0.14972183108329773,0.005087830126285553,0.14463400095701218,0.014832035638391972,4.183798846566599,0.04399785623570591,0.00023227287476401437,0.9157648030826817,3.484093121460215e-05,-0.024743158431069667,False
3.925671339035034,0.6541411280632019,-0.6294794678688049,-1.0970371961593628,0.15117299556732178,0.004556502215564251,-0.009660075418651104,1.345858871936798,1.2836205959320068,0.46755772829055786,0.15117299556732178,0.004556502215564251,0.14661649335175753,0.014216577634215355,4.2992792245531914,0.04042221592593445,0.00018437138292318235,0.9223371665691946,2.765570743847735e-05,-0.023938170372443845,False
4.026366472244263,0.6682185530662537,-0.6280300617218018,-1.0968455076217651,0.15229858458042145,0.003873799927532673,-0.009790748357772827,1.3317814469337463,1.2962486147880554,0.4688154458999634,0.15229858458042145,0.003873799927532673,0.14842478465288877,0.0136645482853055,4.405983339851281,0.037343975968289096,0.00014894005033863234,0.9280330320605569,2.234100755079485e-05,-0.023152237035930764,False
4.126937627792358,0.6842056512832642,-0.6265932321548462,-1.0967507362365723,0.15483632683753967,0.0041822269558906555,-0.010363810695707798,1.3157943487167358,1.3107988834381104,0.4701575040817261,0.15483632683753967,0.0041822269558906555,0.15065409988164902,0.014546037651598454,4.539331562229976,0.04231744227234397,0.00011407400831506987,0.9188477086629511,1.711110124726048e-05,-0.021936567196231573,False
4.227679967880249,0.6998943090438843,-0.6250750422477722,-1.0966609716415405,0.15472771227359772,0.0043620215728878975,-0.010514038614928722,1.3001056909561157,1.3249693512916565,0.4715859293937683,0.15472771227359772,0.0043620215728878975,0.15036569070070982,0.01487606018781662,4.521968187980306,0.04425943334230853,0.00011810501449077464,0.9152858421637792,1.7715752173616193e-05,-0.020805597235300684,False
4.328457593917847,0.7157385945320129,-0.6236066222190857,-1.0965464115142822,0.15441520512104034,0.004282964859157801,-0.010158320888876915,1.284261405467987,1.3393452167510986,0.47293978929519653,0.15441520512104034,0.004282964859157801,0.15013224026188254,0.014441285748034716,4.507937913210325,0.04171014681127812,0.00012146604170113075,0.9199644107795586,1.8219906255169612e-05,-0.01991554463729218,False
4.4289915561676025,0.7305237054824829,-0.6221318244934082,-1.0962945222854614,0.15507394075393677,0.004167482722550631,-0.008962414227426052,1.269476294517517,1.3526555299758911,0.4741626977920532,0.15507394075393677,0.004167482722550631,0.15090645803138614,0.013129896949976683,4.554551815115701,0.0344788387834014,0.0001106538574629803,0.9333661815701645,1.6598078619447045e-05,-0.019292531283124532,False
4.529430866241455,0.7466754913330078,-0.6208009123802185,-1.096138834953308,0.15330173075199127,0.0033849338069558144,-0.008387173525989056,1.2533245086669922,1.3674764037132263,0.4753379225730896,0.15330173075199127,0.0033849338069558144,0.14991679694503546,0.01177210733294487,4.495009201251799,0.027716502211674876,0.00012464779938489227,0.9460754044145696,1.869716990773384e-05,-0.01866574790029415,False
4.630229473114014,0.7626751661300659,-0.619391143321991,-1.0957016944885254,0.1547243744134903,0.003920741379261017,-0.006880287546664476,1.237324833869934,1.3820663094520569,0.4763105511665344,0.1547243744134903,0.003920741379261017,0.15080363303422928,0.010801028925925493,4.548347147264497,0.023332445171735845,0.00011203555356161279,0.9544071750677434,1.6805333034241917e-05,-0.018087503952047786,False
4.730943918228149,0.7794221639633179,-0.6180778741836548,-1.095279574394226,0.1571551114320755,0.0032194876112043858,-0.006178824696689844,1.2205778360366821,1.3975000381469727,0.4772017002105713,0.1571551114320755,0.0032194876112043858,0.15393562382087111,0.00939831230789423,4.739235256224148,0.017665654847343233,7.648082421202731e-05,0.9652855548114434,1.1472123631804096e-05,-0.017605495568797046,False
4.831374883651733,0.7940788865089417,-0.616730272769928,-1.0948282480239868,0.15638504922389984,0.0031133578158915043,-0.00582494679838419,1.2059211134910583,1.4108091592788696,0.47809797525405884,0.15638504922389984,0.0031133578158915043,0.15327169140800834,0.008938304614275694,4.6984422774143475,0.01597865787551643,8.298218972428789e-05,0.9685479229375689,1.2447328458643183e-05,-0.01697052846064684,False
4.932059288024902,0.8099120855331421,-0.6153725385665894,-1.0943039655685425,0.15544496476650238,0.0032463984098285437,-0.0055496362037956715,1.190087914466858,1.4252846240997314,0.4789314270019531,0.15544496476650238,0.0032463984098285437,0.15219856635667384,0.008796034613624215,4.63288072020537,0.015474044984815059,9.460866968273862e-05,0.9695258998886891,1.4191300452410793e-05,-0.016341221756241548,False
5.0327136516571045,0.8252441883087158,-0.6140727996826172,-1.093745231628418,0.15259265899658203,0.0037624372635036707,-0.005068294238299131,1.1747558116912842,1.439316987991333,0.4796724319458008,0.15259265899658203,0.0037624372635036707,0.14883022173307836,0.008830731501802802,4.430086980223454,0.015596363771386474,0.00014193037174442283,0.9692887464349467,2.1289555761663424e-05,-0.015762626365860663,False
5.1333582401275635,0.8394812345504761,-0.6126432418823242,-1.0930898189544678,0.15190814435482025,0.004165751859545708,-0.004524947609752417,1.160518765449524,1.4521244764328003,0.48044657707214355,0.15190814435482025,0.004165751859545708,0.14774239249527454,0.008690699469298124,4.365562908045551,0.01510565145313174,0.0001614805564430226,0.9702404972500447,2.422208346645339e-05,-0.015177218227571091,False
5.233899116516113,0.8553319573402405,-0.611150324344635,-1.0924383401870728,0.15218216180801392,0.0043805125169456005,-0.003958182409405708,1.1446680426597595,1.4664822816848755,0.48128801584243774,0.15218216180801392,0.0043805125169456005,0.14780164929106832,0.008338694926351309,4.3690655066319914,0.013906766614951412,0.0001603533062203614,0.972569701825237,2.405299593305421e-05,-0.014558967082143106,False
5.334384441375732,0.8715298771858215,-0.6096869111061096,-1.0916913747787476,0.15394024550914764,0.005216624122112989,-0.003274368355050683,1.1284701228141785,1.4812167882919312,0.48200446367263794,0.15394024550914764,0.005216624122112989,0.14872362138703465,0.008490992477163672,4.423743111694806,0.014419390649450015,0.00014374261933095496,0.9715730875921824,2.1561392899643242e-05,-0.013987183033961952,False
5.435012578964233,0.8880040645599365,-0.6081472635269165,-1.0909045934677124,0.15674792230129242,0.005387952085584402,-0.002354671247303486,1.1119959354400635,1.496151328086853,0.4827573299407959,0.15674792230129242,0.005387952085584402,0.15135997021570802,0.007742623332887888,4.581968116740003,0.01198964321499599,0.00010474976595545311,0.9763059323297463,1.5712464893317966e-05,-0.01346729685440437,False
5.535694122314453,0.9040724039077759,-0.6065785884857178,-1.0900778770446777,0.1594058722257614,0.005342449527233839,-0.0019033034332096577,1.0959275960922241,1.5106509923934937,0.48349928855895996,0.1594058722257614,0.005342449527233839,0.15406342269852757,0.007245752960443497,4.747107642717037,0.01050018719275514,7.528608115721788e-05,0.9792185979641365,1.1292912173582682e-05,-0.012926242818164811,False
5.636241674423218,0.9194722175598145,-0.6050527691841125,-1.0892467498779297,0.15834957361221313,0.005674699321389198,-0.0016919560730457306,1.0805277824401855,1.524524986743927,0.48419398069381714,0.15834957361221313,0.005674699321389198,0.15267487429082394,0.007366655394434929,4.661923447943779,0.010853522340071448,8.926983725071211e-05,0.9785268577139336,1.3390475587606817e-05,-0.012373291523715907,False
5.7368128299713135,0.9352327585220337,-0.6035449504852295,-1.0883779525756836,0.154480442404747,0.005284182261675596,-0.0014376048929989338,1.0647672414779663,1.5387777090072632,0.4848330020904541,0.154480442404747,0.005284182261675596,0.1491962601430714,0.00672178715467453,4.451904808135808,0.009036484510549503,0.00013587032547105444,0.9820893676438918,2.0380548820658165e-05,-0.011916277908833728,False
5.837319850921631,0.9512499570846558,-0.6019956469535828,-1.0873547792434692,0.15404489636421204,0.005324512720108032,-0.0003468318027444184,1.0487500429153442,1.5532456040382385,0.4853591322898865,0.15404489636421204,0.005324512720108032,0.148720383644104,0.005671344522852451,4.4235505022498955,0.006432829739377698,0.00014379800236980517,0.9872167493250364,2.1569700355470774e-05,-0.011562967862460933,False
5.938010931015015,0.9647036194801331,-0.6004741191864014,-1.0864378213882446,0.1510986089706421,0.005174770951271057,-0.0003759694518521428,1.035296380519867,1.5651777386665344,0.48596370220184326,0.1510986089706421,0.005174770951271057,0.14592383801937103,0.0055507404031232,4.258753300460727,0.006162143804572861,0.0001999373279204824,0.9877513453969092,2.9990599188072357e-05,-0.011091497627616794,False
6.038717031478882,0.9799493551254272,-0.5989488363265991,-1.085313081741333,0.14979615807533264,0.0058167860843241215,0.00030991999665275216,1.0200506448745728,1.5788981914520264,0.4863642454147339,0.14979615807533264,0.0058167860843241215,0.14397937199100852,0.005506866087671369,4.146011911785042,0.006065114821508994,0.0002505069674711481,0.9879430450138542,3.7576045120672214e-05,-0.010777079124823542,False
6.139517545700073,0.9946223497390747,-0.5974282026290894,-1.0842536687850952,0.14688144624233246,0.005323705263435841,0.00033826593426056206,1.0053776502609253,1.592050552368164,0.48682546615600586,0.14688144624233246,0.005323705263435841,0.14155774097889662,0.0049854393291752785,4.007718806209677,0.00497092106097753,0.0003303236546698249,0.9901074146210321,4.954854820047373e-05,-0.010435362914491462,False
6.240169286727905,1.0092812776565552,-0.5958536267280579,-1.0831857919692993,0.1477583348751068,0.006137624382972717,0.0008175944676622748,0.9907187223434448,1.605134904384613,0.48733216524124146,0.1477583348751068,0.006137624382972717,0.1416207104921341,0.0053200299153104424,4.011285128059372,0.005660543659959607,0.00032797595633662436,0.9887427550403687,4.919639345049365e-05,-0.010020183871816855,False
6.340939998626709,1.0231209993362427,-0.5940999388694763,-1.0821499824523926,0.14916515350341797,0.0060268584638834,0.0004556438361760229,0.9768790006637573,1.617220938205719,0.48805004358291626,0.14916515350341797,0.0060268584638834,0.14313829503953457,0.005571214627707377,4.097714301364969,0.00620768648559613,0.000275911994740389,0.9876613798053382,4.138679921105835e-05,-0.009442008354808466,False
6.441443681716919,1.0391136407852173,-0.5926143527030945,-1.0809736251831055,0.15223677456378937,0.006670636124908924,0.0011562013532966375,0.9608863592147827,1.6317279934883118,0.488359272480011,0.15223677456378937,0.006670636124908924,0.14556613843888044,0.005514434771612287,4.237900132001461,0.006081798170073331,0.00020845231164713876,0.9879100811674412,3.126784674707081e-05,-0.009199993655296331,False
6.541982889175415,1.0539029836654663,-0.590790867805481,-1.079758644104004,0.15573905408382416,0.007137587759643793,0.0014390331925824285,0.9460970163345337,1.6446938514709473,0.48896777629852295,0.15573905408382416,0.007137587759643793,0.14860146632418036,0.005698554567061365,4.416479158739302,0.006494704830755187,0.00014584614146851782,0.9870945886307487,2.1876921220277672e-05,-0.008711878653033509,False
6.642597913742065,1.0698117017745972,-0.5890820622444153,-1.0785038471221924,0.15674619376659393,0.006912278942763805,0.0019351488444954157,0.9301882982254028,1.6588937640190125,0.4894217848777771,0.15674619376659393,0.006912278942763805,0.14983391482383013,0.00497713009826839,4.4900404062869566,0.0049543648030178225,0.0001258926733796043,0.9901402001113627,1.8883901006940646e-05,-0.00837913283035106,False
6.743140697479248,1.086580753326416,-0.5873953104019165,-1.0772825479507446,0.1572674661874771,0.007353666238486767,0.001944152289070189,0.913419246673584,1.6739760637283325,0.4898872375488281,0.1572674661874771,0.007353666238486767,0.14991379994899035,0.005409513949416578,4.4948294830291795,0.005852568233786508,0.00012469261039968347,0.9883631021354002,1.870389155995252e-05,-0.007996065013918903,False
6.843785524368286,1.1032179594039917,-0.5857075452804565,-1.075925588607788,0.1581781655550003,0.006992488633841276,0.003112064441666007,0.8967820405960083,1.6889255046844482,0.49021804332733154,0.1581781655550003,0.006992488633841276,0.15118567692115903,0.003880424192175269,4.571421781221815,0.003011538382243818,0.00010698268463447292,0.993995025600156,1.6047402695170938e-05,-0.00777857301861496,False
6.944452285766602,1.1186034679412842,-0.5838817358016968,-1.0746148824691772,0.15923292934894562,0.007107982411980629,0.002872847020626068,0.8813965320587158,1.702485203742981,0.49073314666748047,0.15923292934894562,0.007107982411980629,0.152124946936965,0.004235135391354561,4.628399896114883,0.00358727435662079,9.546032973437362e-05,0.9928511269209872,1.4319049460156043e-05,-0.0073604846193628184,False
7.045201063156128,1.1346848011016846,-0.582258403301239,-1.07330322265625,0.15545368194580078,0.006615637801587582,0.0027478239499032497,0.8653151988983154,1.7169432044029236,0.491044819355011,0.15545368194580078,0.006615637801587582,0.1488380441442132,0.003867813851684332,4.430552676934951,0.0029919967982562374,0.00014179824027240077,0.9940338748338786,2.1269736040860116e-05,-0.007121402333100626,False
7.145819187164307,1.1486616134643555,-0.5805190801620483,-1.0720092058181763,0.15046268701553345,0.007315193768590689,0.002949806395918131,0.8513383865356445,1.7291806936264038,0.49149012565612793,0.15046268701553345,0.007315193768590689,0.14314749324694276,0.004365387372672558,4.098240964576704,0.0038113213826978035,0.00027562152235375317,0.9924063358978878,4.1343228353062974e-05,-0.00675620257324282,False
7.2465314865112305,1.1639398336410522,-0.5788108110427856,-1.0706950426101685,0.1481478214263916,0.0071338084526360035,0.00303278467617929,0.8360601663589478,1.742750644683838,0.4918842315673828,0.1481478214263916,0.0071338084526360035,0.1410140129737556,0.004101023776456714,3.9769903709925023,0.003363679203012657,0.00035126109803544615,0.9932952196110274,5.268916470531692e-05,-0.006449083190070986,False
7.347246408462524,1.179190993309021,-0.577081561088562,-1.0692812204360962,0.14962325990200043,0.007671569008380175,0.003384925192221999,0.820809006690979,1.756272554397583,0.4921996593475342,0.14962325990200043,0.007671569008380175,0.14195169089362025,0.0042866438161581755,4.030056509511582,0.003675063041321425,0.00031589110158026655,0.9926768200345354,4.7383665237039984e-05,-0.006194573883260708,False
7.447975158691406,1.1933536529541016,-0.5752817988395691,-1.0679088830947876,0.15121857821941376,0.007677718531340361,0.0037040566094219685,0.8066463470458984,1.7686354517936707,0.4926270842552185,0.15121857821941376,0.007677718531340361,0.1435408596880734,0.003973661921918392,4.120795679998235,0.003157997813940834,0.00026346464857301684,0.993703908345987,3.951969728595252e-05,-0.005861196153196028,False
7.548739194869995,1.2088117599487305,-0.5735680460929871,-1.066481590270996,0.15265950560569763,0.007216274738311768,0.003639558330178261,0.7911882400512695,1.7823798060417175,0.49291354417800903,0.15265950560569763,0.007216274738311768,0.14544323086738586,0.0035767164081335068,4.230746681028741,0.002558580052842291,0.00021145605432059815,0.9948959102542105,3.1718408148089724e-05,-0.005640228732396762,False
7.649372816085815,1.2249115705490112,-0.5718963742256165,-1.0650274753570557,0.15481044352054596,0.007596151903271675,0.00445921067148447,0.7750884294509888,1.7968079447746277,0.4931311011314392,0.15481044352054596,0.007596151903271675,0.14721429161727428,0.0031369412317872047,4.334409531275175,0.001968080058337325,0.000171861942635447,0.9960715764074961,2.577929139531705e-05,-0.005473531939352811,False
7.749939441680908,1.24063241481781,-0.5701395869255066,-1.0635203123092651,0.15480777621269226,0.007316247560083866,0.004678110126405954,0.7593675851821899,1.8107720017433167,0.49338072538375854,0.15480777621269226,0.007316247560083866,0.1474915286526084,0.0026381374336779118,4.350750204856641,0.0013919538237945357,0.00016633605143641654,0.9972199638298609,2.495040771546248e-05,-0.005280698234710577,False
7.850468873977661,1.2548956871032715,-0.5684589147567749,-1.0620027780532837,0.15476973354816437,0.006909594871103764,0.004687258508056402,0.7451043128967285,1.8233546018600464,0.4935438632965088,0.15476973354816437,0.006909594871103764,0.1478601386770606,0.0022223363630473614,4.372524121919919,0.0009877557821045147,0.00015924793289620793,0.9980264384744418,2.388718993443119e-05,-0.005154716096391566,False
7.950963020324707,1.2702256441116333,-0.5667863488197327,-1.060598373413086,0.15250441431999207,0.006705526728183031,0.004157663322985172,0.7297743558883667,1.837011992931366,0.49381202459335327,0.15250441431999207,0.006705526728183031,0.14579888759180903,0.002547863405197859,4.251463124601793,0.0012983215863092857,0.00020287384015191406,0.9974067251891557,3.0431076022787106e-05,-0.004937542628715638,False
8.051438808441162,1.2856467962265015,-0.5650824904441833,-1.0591233968734741,0.15230268239974976,0.0072010173462331295,0.004743413534015417,0.7143532037734985,1.8507292866706848,0.49404090642929077,0.15230268239974976,0.0072010173462331295,0.14510166505351663,0.0024576038122177124,4.210898640260585,0.0012079632995654066,0.00022001886164846655,0.9975869894027805,3.300282924726998e-05,-0.004755771371818628,False
8.152177810668945,1.3012888431549072,-0.5633474588394165,-1.0576380491256714,0.1513204574584961,0.007129313424229622,0.004377943463623524,0.6987111568450928,1.8646363019943237,0.4942905902862549,0.1513204574584961,0.007129313424229622,0.14419114403426647,0.002751369960606098,4.158217203582116,0.0015140073320251204,0.00024446597820816976,0.9969765651486064,3.6669896731225466e-05,-0.0045537181483485565,False
8.252569437026978,1.3148975372314453,-0.5616225004196167,-1.0561991930007935,0.14996126294136047,0.007101283874362707,0.004731335677206516,0.6851024627685547,1.876520037651062,0.49457669258117676,0.14996126294136047,0.007101283874362707,0.14285997906699777,0.002369948197156191,4.081794723804608,0.0011233308914407759,0.00028483814605115824,0.9977558600727627,4.272572190767374e-05,-0.004328909406485584,False
8.353070259094238,1.3311681747436523,-0.5598230957984924,-1.0545958280563354,0.15273244678974152,0.007187463343143463,0.0052557396702468395,0.6688318252563477,1.8909912705421448,0.494772732257843,0.15273244678974152,0.007187463343143463,0.14554498344659805,0.0019317236728966236,4.2366684412941,0.0007463112696858443,0.00020896644218732573,0.9985084908676165,3.1344966328098855e-05,-0.004175576979665713,False
8.453625679016113,1.3467923402786255,-0.5581324696540833,-1.0531411170959473,0.15664465725421906,0.007508731912821531,0.0050100646913051605,0.6532076597213745,1.9049248099327087,0.495008647441864,0.15664465725421906,0.007508731912821531,0.14913592534139752,0.0024986672215163708,4.448304845486979,0.001248667576776068,0.00013685211181756562,0.9975057805936545,2.0527816772634842e-05,-0.003983122423777257,False
8.554198503494263,1.3640227317810059,-0.556287944316864,-1.0515117645263672,0.16007235646247864,0.007612096611410379,0.005906193051487207,0.6359772682189941,1.9203106760978699,0.4952238202095032,0.16007235646247864,0.007612096611410379,0.15246025985106826,0.001705903559923172,4.648826166771051,0.0005820213911517103,9.163911722118345e-05,0.9988366344526938,1.3745867583177517e-05,-0.0038164986779846578,False
8.654937505722046,1.3790571689605713,-0.5544907450675964,-1.049916386604309,0.15961754322052002,0.007336103357374668,0.005706300027668476,0.6209428310394287,1.9335479140281677,0.49542564153671265,0.15961754322052002,0.007336103357374668,0.15228143986314535,0.001629803329706192,4.637927385358551,0.0005312517787042781,9.365855610096979e-05,0.9989380606996368,1.4048783415145467e-05,-0.0036556006178089916,False
8.755501747131348,1.3954287767410278,-0.5525850057601929,-1.0483274459838867,0.15874257683753967,0.007505636662244797,0.006244447082281113,0.6045712232589722,1.9480137825012207,0.49574244022369385,0.15874257683753967,0.007505636662244797,0.15123694017529488,0.001261189579963684,4.574522414717144,0.0003181198313217948,0.00010632130924583066,0.9993639626948924,1.5948196386874597e-05,-0.003403881447567757,False
8.856088399887085,1.4117475748062134,-0.5508834719657898,-1.0466523170471191,0.1552201360464096,0.00764667522162199,0.0059614465571939945,0.5882524251937866,1.9626310467720032,0.49576884508132935,0.1552201360464096,0.00764667522162199,0.14757346082478762,0.0016852286644279957,4.355585267961025,0.0005679991302819532,0.00016473531297136408,0.9988646467411967,2.471029694570461e-05,-0.003381080850516192,False
8.956559181213379,1.4277490377426147,-0.5490049719810486,-1.045019268989563,0.15382248163223267,0.0078094289638102055,0.005740799475461245,0.5722509622573853,1.9767540097236633,0.4960142970085144,0.15382248163223267,0.0078094289638102055,0.14601305266842246,0.002068629488348961,4.263962309910302,0.0008558455920133767,0.0001978651895893233,0.998289772923842,2.9679778438398493e-05,-0.0031831092274496268,False
9.0572509765625,1.4428516626358032,-0.5471072196960449,-1.043400764465332,0.1560850888490677,0.007905890233814716,0.006392103619873524,0.5571483373641968,1.9899588823318481,0.4962935447692871,0.1560850888490677,0.007905890233814716,0.14817919861525297,0.0015137866139411926,4.391414980451717,0.0004583099825095083,0.0001533435144290135,0.9990838000027343,2.3001527164352026e-05,-0.002962447501152517,False
9.157706260681152,1.4596585035324097,-0.5451921224594116,-1.0416831970214844,0.15803448855876923,0.008032952435314655,0.006273748353123665,0.5403414964675903,2.0048506259918213,0.49649107456207275,0.15803448855876923,0.008032952435314655,0.15000153612345457,0.0017592040821909904,4.50009216787921,0.000618959800559489,0.00012338705734343035,0.9987628463052743,1.8508058601514554e-05,-0.002803667486285758,False
9.259626865386963,1.4758185148239136,-0.5433409214019775,-1.0399842262268066,0.15762433409690857,0.008672259747982025,0.006469096057116985,0.5241814851760864,2.019159436225891,0.4966433048248291,0.15762433409690857,0.008672259747982025,0.14895207434892654,0.00220316369086504,4.437344090569629,0.000970786049749213,0.00013988524065059116,0.9980603115323441,2.0982786097588675e-05,-0.002680147385800147,False
9.360048532485962,1.49204683303833,-0.54141765832901,-1.0383174419403076,0.15679435431957245,0.00830687303096056,0.00697686243802309,0.5079531669616699,2.03346449136734,0.4968997836112976,0.15679435431957245,0.00830687303096056,0.1484874812886119,0.0013300105929374695,4.409706419887173,0.00035378563546517583,0.00014783513766620336,0.9992926789985901,2.2175270649930504e-05,-0.0024784188324333987,False
9.46037220954895,1.5064666271209717,-0.5395620465278625,-1.0366528034210205,0.15501457452774048,0.00785103254020214,0.006805545650422573,0.4935333728790283,2.0460286736488342,0.49709075689315796,0.15501457452774048,0.00785103254020214,0.14716354198753834,0.0010454868897795677,4.331421618063592,0.0002186085673401908,0.00017289203453315177,0.9995628784308029,2.5933805179972766e-05,-0.002326377131144002,True
9.560961723327637,1.5227280855178833,-0.5378035306930542,-1.0349340438842773,0.15118880569934845,0.0071321697905659676,0.006833730731159449,0.4772719144821167,2.0605316162109375,0.49713051319122314,0.15118880569934845,0.0071321697905659676,0.14405663590878248,0.00029843905940651894,4.150462869871104,1.7813174435889548e-05,0.00024828687166036163,0.999964374285739,3.7243030749054245e-05,-0.002295507665007784,True
9.661374807357788,1.5368599891662598,-0.5360872745513916,-1.0331976413726807,0.11796008795499802,0.007407551631331444,0.0067739468067884445,0.46314001083374023,2.0729472637176514,0.49711036682128906,0.11796008795499802,0.007407551631331444,0.11055253632366657,0.0006336048245429993,2.4443726575191236,8.029101473683298e-05,0.007530865413381244,0.9998394308631303,0.0011296298120071866,-0.0023113353542444496,True
9.761727571487427,1.5469557046890259,-0.5342949032783508,-1.0315871238708496,0.07375507801771164,0.007242406252771616,0.006962496787309647,0.4530442953109741,2.0812506079673767,0.4972922205924988,0.07375507801771164,0.007242406252771616,0.06651267176494002,0.0002799094654619694,0.88478710106213,1.5669861771041085e-05,0.17040553169342326,0.9999686607675419,0.025560829754013487,-0.002166155638218339,True
9.862202882766724,1.5531479120254517,-0.5325947403907776,-1.029845952987671,0.03604009374976158,0.007541838102042675,0.006863634567707777,0.44685208797454834,2.0857426524162292,0.4972512125968933,0.03604009374976158,0.007541838102042675,0.028498255647718906,0.000678203534334898,0.1624301149925485,9.199200679686943e-05,0.7226283483589107,0.999816032910427,0.1083942522538366,-0.002198625373350628,True
9.962591886520386,1.5565627813339233,-0.5306152701377869,-1.0281027555465698,0.014522756449878216,0.01011714432388544,0.006754848640412092,0.44343721866607666,2.08717805147171,0.49748748540878296,0.014522756449878216,0.01011714432388544,0.004405612125992775,0.0033622956834733486,0.0038818836409389157,0.0022610064526207025,0.9922662929155618,0.9954881960010504,0.14883994393733427,-0.002000942894269575,True
10.063026666641235,1.5589320659637451,-0.5282805562019348,-1.0263773202896118,0.004080972168594599,0.02189376763999462,0.006610408890992403,0.4410679340362549,2.08721262216568,0.498096764087677,0.004080972168594599,0.02189376763999462,-0.017812795471400023,0.015283358749002218,0.06345913650118583,0.04671621093014053,0.8808056552573518,0.9107995654868165,0.13212084828860277,-0.0013867731535701533,True
10.163450241088867,1.561044454574585,-0.5229283571243286,-1.0246825218200684,0.005073478911072016,0.05799539387226105,0.006470473483204842,0.43895554542541504,2.0839728116989136,0.5017541646957397,0.005073478911072016,0.05799539387226105,-0.05292191496118903,0.051524920389056206,0.5601458166318647,0.530963484219716,0.32618465445533773,0.3457888437360641,0.04892769816830066,0.00048525646548997723,True
10.263861179351807,1.5634512901306152,-0.515211820602417,-1.0229920148849487,0.011081453412771225,0.09419148415327072,0.006479964125901461,0.43654870986938477,2.0786631107330322,0.5077801942825317,0.011081453412771225,0.09419148415327072,-0.0831100307404995,0.08771152002736926,1.3814554419373541,1.5386621491023198,0.06310780125505981,0.04608239458130076,0.009466170188258972,0.00028682398627744623,True
10.364241123199463,1.5663472414016724,-0.503946840763092,-1.0213521718978882,0.017772343009710312,0.11808066070079803,0.007247510831803083,0.43365275859832764,2.0702940821647644,0.5174053311347961,0.017772343009710312,0.11808066070079803,-0.10030831769108772,0.11083314986899495,2.0123517196032363,2.4567974219766193,0.017868722530162653,0.0073460329662144025,0.0026803083795243978,0.00010228810904327233,True
10.464733839035034,1.569543719291687,-0.4917733073234558,-1.0196237564086914,0.02021990530192852,0.10813158750534058,0.007444358430802822,0.430456280708313,2.061317026615143,0.5278504490852356,0.02021990530192852,0.10813158750534058,-0.08791168220341206,0.10068722907453775,1.5456927735667432,2.027583619741688,0.045438952957944014,0.01733258124913109,0.006815842943691602,0.00038617613727570774,True
10.565106868743896,1.5726685523986816,-0.4824961721897125,-1.0178039073944092,0.01926492527127266,0.07407793402671814,0.007973254658281803,0.42733144760131836,2.055164724588394,0.5353077352046967,0.01926492527127266,0.07407793402671814,-0.05481300875544548,0.06610467936843634,0.6008931857649086,0.8739657268807546,0.30065664743498804,0.17413377492323062,0.04509849711524821,0.004918615372146939,True
10.665443897247314,1.5752004384994507,-0.4765883684158325,-1.0158973932266235,0.01602707989513874,0.037502385675907135,0.008607224561274052,0.4247995615005493,2.051788806915283,0.539309024810791,0.01602707989513874,0.037502385675907135,-0.021475305780768394,0.028895161114633083,0.09223775167550088,0.16698606716812076,0.8315403096010004,0.7160737358191458,0.12473104644015007,0.022518528198136493,True
10.765788078308105,1.57753586769104,-0.47347328066825867,-1.0141370296478271,0.011130374856293201,0.017414240166544914,0.009265906177461147,0.42246413230895996,2.0510091483592987,0.5406637489795685,0.011130374856293201,0.017414240166544914,-0.006283865310251713,0.008148333989083767,0.007897392647476971,0.013279069359531555,0.9843292981767295,0.9737914272035295,0.14764939472650943,0.031678408123408046,True
10.866820335388184,1.5794533491134644,-0.47056278586387634,-1.0120654106140137,0.006707377266138792,0.022670075297355652,0.012061112560331821,0.42054665088653564,2.0500161349773407,0.5415026247501373,0.006707377266138792,0.022670075297355652,-0.01596269803121686,0.01060896273702383,0.05096154568716292,0.022510018071112033,0.9030990051013886,0.9559783275234779,0.13546485076520828,0.03174048783717663,True
10.96727442741394,1.5811177492141724,-0.46520277857780457,-1.009543776512146,0.004572595935314894,0.057911232113838196,0.018704503774642944,0.41888225078582764,2.046320527791977,0.5443409979343414,0.004572595935314894,0.057911232113838196,-0.0533386361785233,0.03920672833919525,0.569002021876975,0.3074335094126912,0.32045800406867897,0.5407127951511779,0.04806870061030184,0.01918059594629629,True
11.067672491073608,1.582579493522644,-0.4556332230567932,-1.0062388181686401,0.0034900561440736055,0.10251552611589432,0.02719338983297348,0.41742050647735596,2.0382127165794373,0.5506055951118469,0.0034900561440736055,0.10251552611589432,-0.09902546997182071,0.07532213628292084,1.9612087406279932,1.13468484284458,0.019793187200853588,0.10337731975576797,0.002968978080128038,0.004185176629846662,True
11.16808009147644,1.5840866565704346,-0.44404491782188416,-1.00239098072052,0.004675275180488825,0.12752071022987366,0.03252671658992767,0.41591334342956543,2.0281315743923187,0.5583460628986359,0.004675275180488825,0.12752071022987366,-0.12284543504938483,0.09499399363994598,3.0182001824945255,1.8047717655332196,0.0023901471043656507,0.027064198012783203,0.0003585220656548476,0.0012632715196439878,True
11.26851511001587,1.5856924057006836,-0.43110936880111694,-0.998480498790741,0.005793236196041107,0.1190824881196022,0.03271162882447243,0.4143075942993164,2.0168017745018005,0.567371129989624,0.005793236196041107,0.1190824881196022,-0.1132892519235611,0.08637085929512978,2.5668909202800183,1.4919850670758212,0.005894227242284819,0.05059157926873273,0.0008841340863427229,0.0027267294906353286,True
11.368929386138916,1.587491750717163,-0.4208928346633911,-0.9946301579475403,0.007428697310388088,0.08292367309331894,0.026120277121663094,0.4125082492828369,2.008384585380554,0.5737373232841492,0.007428697310388088,0.08292367309331894,-0.07549497578293085,0.056803395971655846,1.1398982736930632,0.6453251587825455,0.10230501882181865,0.2750918278595244,0.015345752823272798,0.016227628034964213,True
11.4692862033844,1.5894495248794556,-0.4141753315925598,-0.9917387962341309,0.008583527989685535,0.04397138953208923,0.01869623176753521,0.41055047512054443,2.0036248564720154,0.577563464641571,0.008583527989685535,0.04397138953208923,-0.0353878615424037,0.025275157764554024,0.2504601489088669,0.1277667200046191,0.6059727276413234,0.7745032367320863,0.09089590914619851,0.048058523533641206,True
11.569584369659424,1.5913612842559814,-0.41051971912384033,-0.9893949627876282,0.009731431491672993,0.015460857190191746,0.012413610704243183,0.40863871574401855,2.0018810033798218,0.5788752436637878,0.009731431491672993,0.015460857190191746,-0.005729425698518753,0.0030472464859485626,0.00656526376696942,0.0018571422292251727,0.9869553017706794,0.9962926049636714,0.1480432952656019,0.06286625758155161,True
11.66997766494751,1.5933228731155396,-0.40796175599098206,-0.9870479702949524,0.009658667258918285,0.010799787938594818,0.015605784021317959,0.40667712688446045,2.0012846291065216,0.5790862143039703,0.009658667258918285,0.010799787938594818,-0.0011411206796765327,-0.004805996082723141,0.0002604312811170864,0.004619519669430035,0.9994792730631218,0.9908035094476295,0.14992189095946826,0.06268711894504089,True
11.77036166191101,1.595308780670166,-0.4040631949901581,-0.9837914109230042,0.009614900685846806,0.03738793730735779,0.029389506205916405,0.404691219329834,1.999371975660324,0.5797282159328461,0.009614900685846806,0.03738793730735779,-0.027773036621510983,0.007998431101441383,0.15426831263595803,0.012794980016900964,0.7345210496733446,0.9747346878559852,0.1101781574510017,0.06217108613649384,True
11.872506141662598,1.5973230600357056,-0.39688488841056824,-0.9794387817382812,0.009512879885733128,0.08103495836257935,0.04575777426362038,0.40267693996429443,1.9942079484462738,0.582553893327713,0.009512879885733128,0.08103495836257935,-0.07152207847684622,0.03527718409895897,1.0230815419296297,0.2488959435903687,0.12922979744321877,0.6078714275762023,0.019384469616482814,0.04014572239127235,True
11.972920894622803,1.5993458032608032,-0.38457775115966797,-0.9729992151260376,0.009611244313418865,0.12364969402551651,0.060796309262514114,0.4006541967391968,1.9839235544204712,0.5884214639663696,0.009611244313418865,0.12364969402551651,-0.11403844971209764,0.0628533847630024,2.6009536025477247,0.7901095952332043,0.005506053227674774,0.2059299553746591,0.0008259079841512161,0.014566902503005222,True
12.073376178741455,1.6013165712356567,-0.37010303139686584,-0.96566241979599,0.010296616703271866,0.13464318215847015,0.06714215874671936,0.39868342876434326,1.9714196026325226,0.5955593883991241,0.010296616703271866,0.13464318215847015,-0.12434656545519829,0.0675010234117508,3.0924136681007823,0.9112776323267457,0.0020604572883048842,0.1616122607729465,0.0003090685932457326,0.012354855037810024,True
12.173755645751953,1.6034084558486938,-0.35905101895332336,-0.9591326713562012,0.010650099255144596,0.11119836568832397,0.06159237399697304,0.39659154415130615,1.9624594748020172,0.6000816524028778,0.010650099255144596,0.11119836568832397,-0.10054826643317938,0.04960599169135094,2.021990776543525,0.49215088233647564,0.017527546444362694,0.3737000664504982,0.002629131966654404,0.029920416122744882,True
12.274148941040039,1.6054539680480957,-0.3499205708503723,-0.9537308812141418,0.010401295498013496,0.06892050802707672,0.04762501269578934,0.3945460319519043,1.955374538898468,0.6038103103637695,0.010401295498013496,0.06892050802707672,-0.058519212529063225,0.021295495331287384,0.684899647004334,0.09069962428097655,0.2541579654604461,0.8341022780741915,0.03812369481906692,0.06927073308960721,True
12.374592781066895,1.6075972318649292,-0.3448539972305298,-0.9494096636772156,0.011538105085492134,0.025424372404813766,0.031152550131082535,0.3924027681350708,1.952451229095459,0.6045556664466858,0.011538105085492134,0.025424372404813766,-0.013886267319321632,-0.005728177726268768,0.038565684012732,0.006562404012744327,0.925768229273579,0.9869609466860109,0.13886523439103685,0.08255388763008624,True
12.475221395492554,1.6097898483276367,-0.34271910786628723,-0.9457658529281616,0.01175987534224987,0.00456270482391119,0.027616508305072784,0.3902101516723633,1.952508956193924,0.6030467450618744,0.01175987534224987,0.00456270482391119,0.00719717051833868,-0.023053803481161594,0.010359852694008694,0.1062955709896037,0.9794934728389768,0.8084866258921112,0.14692402092584653,0.06664953217939151,True
12.5756516456604,1.61201810836792,-0.3407306969165802,-0.9414151906967163,0.01191997341811657,0.013058722019195557,0.039715491235256195,0.3879818916320801,1.9527488052845001,0.6006844937801361,0.01191997341811657,0.013058722019195557,-0.0011387486010789871,-0.02665676921606064,0.00025934967529187003,0.14211666900766362,0.9994814351506681,0.7525910161225253,0.14992221527260022,0.06061939638541978,True
12.676219701766968,1.6142970323562622,-0.3357098400592804,-0.9359503388404846,0.013040025718510151,0.0550399050116539,0.056859783828258514,0.3857029676437378,1.9500068724155426,0.6002404987812042,0.013040025718510151,0.0550399050116539,-0.04199987929314375,-0.0018198788166046143,0.352797972127729,0.0006623917814252422,0.49381420081353444,0.9986760935755115,0.07407213012203016,0.0800862317926991,True
12.776740312576294,1.6166861057281494,-0.32610049843788147,-0.9284937977790833,0.013109766878187656,0.10464472323656082,0.07078272849321365,0.3833138942718506,1.9427866041660309,0.6023932993412018,0.013109766878187656,0.10464472323656082,-0.09153495635837317,0.03386199474334717,1.675729647105856,0.22932693759969425,0.03503319304457977,0.6321340042944821,0.005254978956686965,0.051781029060381956,True
12.877506732940674,1.6190911531448364,-0.3142385184764862,-0.92003333568573,0.012788068503141403,0.13235998153686523,0.07824661582708359,0.3809088468551636,1.9333296716213226,0.6057948172092438,0.012788068503141403,0.13235998153686523,-0.11957191303372383,0.05411336570978165,2.859488477308883,0.5856512696881144,0.0032830679123312676,0.3099629392747769,0.0004924601868496901,0.026233978001771963,True
12.977808952331543,1.6214107275009155,-0.3004426062107086,-0.911716103553772,0.01254031527787447,0.12443813681602478,0.07923563569784164,0.3785892724990845,1.9218533337116241,0.6112734973430634,0.01254031527787447,0.12443813681602478,-0.11189782153815031,0.045202501118183136,2.504224492996747,0.40865322146786953,0.006681257998780079,0.4416195814566074,0.0010021886998170118,0.03931244425908525,True
13.078283548355103,1.623520851135254,-0.28974854946136475,-0.9044111967086792,0.012433260679244995,0.08388999104499817,0.07100021839141846,0.3764791488647461,1.9132694005966187,0.6146626472473145,0.012433260679244995,0.08388999104499817,-0.07145673036575317,0.012889772653579712,1.0212128629127903,0.033229247812194274,0.12971367912119025,0.93570175076734,0.019457051868178536,0.08583203182154404,True
13.178775072097778,1.6258604526519775,-0.283795028924942,-0.8978033065795898,0.012440085411071777,0.042729686945676804,0.05550075322389603,0.37413954734802246,1.9096554815769196,0.6140082776546478,0.012440085411071777,0.042729686945676804,-0.030289601534605026,-0.012771066278219223,0.18349199222502943,0.03262002677653364,0.6928207408607142,0.9368425440007838,0.10392311112910713,0.0854462439001024,True
13.279241561889648,1.6280323266983032,-0.2803378403186798,-0.8922118544578552,0.012639486230909824,0.010922107845544815,0.04830817133188248,0.3719676733016968,1.908370167016983,0.6118740141391754,0.012639486230909824,0.010922107845544815,0.0017173783853650093,-0.03738606348633766,0.0005898777037037853,0.27954354860089403,0.9988209402304153,0.5717307602944075,0.1498231410345623,0.05116945212878245,True
13.379693746566772,1.6304166316986084,-0.2783575654029846,-0.88640296459198,0.013062164187431335,0.009441853500902653,0.05497489869594574,0.3695833683013916,1.908774197101593,0.6080453991889954,0.013062164187431335,0.009441853500902653,0.0036203106865286827,-0.04553304519504309,0.0026213298933987564,0.41465164094676726,0.9947710589692952,0.4363531956118863,0.14921565884539428,0.03771676416582403,True
13.480077743530273,1.6327452659606934,-0.27443987131118774,-0.8798670172691345,0.01261877827346325,0.04072713479399681,0.06486966460943222,0.36725473403930664,1.907185137271881,0.6054271459579468,0.01261877827346325,0.04072713479399681,-0.02810835652053356,-0.02414252981543541,0.15801594125708432,0.11657234917783754,0.7290362062899126,0.7920389584972859,0.10935543094348689,0.06680192550549882,True
13.580579280853271,1.6350367069244385,-0.2664487957954407,-0.8724614381790161,0.013112777844071388,0.0884801596403122,0.0671565905213356,0.3649632930755615,1.9014855027198792,0.6060126423835754,0.013112777844071388,0.0884801596403122,-0.0753673817962408,0.021323569118976593,1.136048447764066,0.09093891999435444,0.10309577220633183,0.833703179385091,0.015464365830949773,0.0707064616081612,True
13.681020498275757,1.6373097896575928,-0.25432389974594116,-0.8651642203330994,0.012348332442343235,0.12595674395561218,0.06498933583498001,0.3626902103424072,1.891633689403534,0.6108403205871582,0.012348332442343235,0.12595674395561218,-0.11360841151326895,0.06096740812063217,2.5813742333136522,0.7434049705895451,0.005725940482426757,0.2260927555372359,0.0008588910723640135,0.020048154804944974,True
13.781446695327759,1.639568567276001,-0.24166789650917053,-0.8588594794273376,0.011949689127504826,0.1285572350025177,0.06467334181070328,0.360431432723999,1.8812364637851715,0.6171915829181671,0.011949689127504826,0.1285572350025177,-0.11660754587501287,0.06388389319181442,2.7194639509986462,0.8162303618686306,0.004344138116866002,0.1954480382793504,0.0006516207175299003,0.018323891987366073,True
13.88215947151184,1.6416302919387817,-0.22991961240768433,-0.8518710136413574,0.011933033354580402,0.09861584007740021,0.06283970922231674,0.35836970806121826,1.871549904346466,0.6219514012336731,0.011933033354580402,0.09861584007740021,-0.0866828067228198,0.035776130855083466,1.502781796269147,0.25598630779201104,0.04951084252232963,0.5993121994353965,0.007426626378349444,0.05846956999806492,True
13.982548475265503,1.6438392400741577,-0.2218591868877411,-0.8456613421440125,0.011845455504953861,0.055666010826826096,0.05120595917105675,0.3561607599258423,1.8656984269618988,0.6238021552562714,0.011845455504953861,0.055666010826826096,-0.043820555321872234,0.004460051655769348,0.384048213743453,0.003978412154426181,0.4638952866781859,0.9920747474252809,0.06958429300172789,0.09825679352525667,True
14.083001852035522,1.645952820777893,-0.21725516021251678,-0.8403759002685547,0.011212356388568878,0.02162233740091324,0.04179735109210014,0.35404717922210693,1.8632079809904099,0.6231207400560379,0.011212356388568878,0.02162233740091324,-0.01040998101234436,-0.020175013691186905,0.021673540935474023,0.08140623548791581,0.957578974080682,0.8497505263608736,0.1436368461121023,0.0836975309348468,True
14.183468103408813,1.6480742692947388,-0.21453353762626648,-0.8360154628753662,0.011674892157316208,0.010800843127071857,0.04433092474937439,0.35192573070526123,1.8626078069210052,0.6214819252490997,0.011674892157316208,0.010800843127071857,0.0008740490302443504,-0.03353008162230253,0.00015279234145421788,0.224853274719654,0.9996944620033351,0.6378152914171757,0.14995416930050026,0.06198642364373928,True
14.283846616744995,1.6502583026885986,-0.2105579823255539,-0.8301768898963928,0.011690838262438774,0.0324610136449337,0.05884622409939766,0.34974169731140137,1.8608162850141525,0.6196189075708389,0.011690838262438774,0.0324610136449337,-0.020770175382494926,-0.02638521045446396,0.08628003708391965,0.13923586614527084,0.8415077344164065,0.7569396643979982,0.12622616016246097,0.07243543660186079,True
14.384233474731445,1.6525554656982422,-0.20307496190071106,-0.8227678537368774,0.01195769663900137,0.0779365748167038,0.07192754745483398,0.3474445343017578,1.8556304275989532,0.6196928918361664,0.01195769663900137,0.0779365748167038,-0.06597887817770243,0.006009027361869812,0.8706424731176196,0.0072216819671400145,0.17529501117668425,0.985660441081107,0.026294251676502636,0.09438123884920718,True
14.48472261428833,1.654801607131958,-0.19131828844547272,-0.8147165775299072,0.01174929179251194,0.11958970129489899,0.07737119495868683,0.345198392868042,1.8461198955774307,0.6233982890844345,0.01174929179251194,0.11958970129489899,-0.10784040950238705,0.04221850633621216,2.325910784328506,0.35648045545215723,0.00954420066976323,0.49019063579090644,0.0014316301004644845,0.04839094862544722,True
14.58513593673706,1.6571426391601562,-0.17873725295066833,-0.8072052001953125,0.011975070461630821,0.1276426613330841,0.07868010550737381,0.34285736083984375,1.8358798921108246,0.6284679472446442,0.011975070461630821,0.1276426613330841,-0.11566759087145329,0.0489625558257103,2.6757983156011806,0.47946637459715946,0.004740576002219931,0.3833017468559022,0.0007110864003329896,0.0393935908750912,True
14.685468912124634,1.659441590309143,-0.16658876836299896,-0.7991524934768677,0.011987103149294853,0.10295861959457397,0.07784906029701233,0.34055840969085693,1.826030358672142,0.6325637251138687,0.011987103149294853,0.10295861959457397,-0.09097151644527912,0.025109559297561646,1.655163360870738,0.1260979936235529,0.036504245074645066,0.7770924229388037,0.00547563676119676,0.08241141307402383,True
14.786414623260498,1.6617426872253418,-0.1583981066942215,-0.7922379970550537,0.011859848164021969,0.06684727966785431,0.0692535862326622,0.3382573127746582,1.8201407939195633,0.6338398903608322,0.011859848164021969,0.06684727966785431,-0.05498743150383234,-0.002406306564807892,0.6047235246777307,0.0011580622567675114,0.29836221340371893,0.9976865556332623,0.04475433201055784,0.10682420737634572,True
14.886829376220703,1.6638294458389282,-0.1526084542274475,-0.7855255007743835,0.011770620942115784,0.030467435717582703,0.05996193364262581,0.3361705541610718,1.8164379000663757,0.632917046546936,0.011770620942115784,0.030467435717582703,-0.01869681477546692,-0.029494497925043106,0.06991417654962362,0.17398508157007442,0.8695074708530911,0.7061199443018963,0.13042612062796366,0.07508430200359603,True
14.98716115951538,1.6661348342895508,-0.14927928149700165,-0.7792489528656006,0.010685415007174015,0.01261118147522211,0.06107339262962341,0.3338651657104492,1.8154141157865524,0.6299696713685989,0.010685415007174015,0.01261118147522211,-0.0019257664680480957,-0.0484622111544013,0.0007417152978916874,0.4697171819947556,0.99851766914352,0.3908488510302178,0.149777650371528,0.04063879737855352,True
15.087524890899658,1.6681098937988281,-0.14491985738277435,-0.7721855044364929,0.010271091014146805,0.032950419932603836,0.07088184356689453,0.3318901062011719,1.8130297511816025,0.6272656470537186,0.010271091014146805,0.032950419932603836,-0.02267932891845703,-0.037931423634290695,0.10287039203831227,0.28775857978480535,0.8140440621195257,0.5624139358350552,0.12210660931792885,0.057260778764861485,True
15.188098669052124,1.6701581478118896,-0.13888709247112274,-0.7644218802452087,0.010831959545612335,0.06951636075973511,0.07426422834396362,0.32984185218811035,1.8090452402830124,0.625534787774086,0.010831959545612335,0.06951636075973511,-0.05868440121412277,-0.004747867584228516,0.6887717891720269,0.004508449319473584,0.252197295700951,0.9910236316808426,0.03782959435514265,0.09952635302572685,True
15.2884681224823,1.6723417043685913,-0.1279938668012619,-0.7574809789657593,0.011021790094673634,0.11134015768766403,0.06977375596761703,0.3276582956314087,1.8003355711698532,0.6294871121644974,0.011021790094673634,0.11134015768766403,-0.1003183675929904,0.041566401720047,2.0127549753044693,0.3455531503904652,0.017854317011582924,0.5010214818958248,0.0026781475517374384,0.05190065985845389,True
15.388949155807495,1.674554705619812,-0.11579739302396774,-0.7503435611724854,0.011171017773449421,0.12353367358446121,0.06739072501659393,0.325445294380188,1.7903520986437798,0.6345461681485176,0.011171017773449421,0.12353367358446121,-0.11236265581101179,0.05614294856786728,2.5250732841807806,0.6304061347788381,0.0064083941095946645,0.2834237165186884,0.0009612591164391997,0.030506860016000992,True
15.48932957649231,1.6767935752868652,-0.10375355184078217,-0.7426815629005432,0.011301672086119652,0.10257179290056229,0.07055795192718506,0.32320642471313477,1.7805471271276474,0.638928011059761,0.011301672086119652,0.10257179290056229,-0.09127012081444263,0.03201384097337723,1.666046990696591,0.20497720277373732,0.03571823338894832,0.6636805095959691,0.005357735008342248,0.07376305054183732,True
15.589645624160767,1.6789255142211914,-0.09503556787967682,-0.7358909249305725,0.011746680364012718,0.06518222391605377,0.06748294085264206,0.3210744857788086,1.7739610821008682,0.6408553570508957,0.011746680364012718,0.06518222391605377,-0.053435543552041054,-0.0023007169365882874,0.5710714629404152,0.0010586596844608387,0.31913440715849284,0.9978849205705653,0.047870161073773926,0.11244594942613734,True
15.690047264099121,1.6811131238937378,-0.08983955532312393,-0.7291998267173767,0.011177735403180122,0.033092714846134186,0.06013862043619156,0.3188868761062622,1.7709526792168617,0.6393602713942528,0.011177735403180122,0.033092714846134186,-0.021914979442954063,-0.027045905590057373,0.09605326479701984,0.14629620183725933,0.8252189535688774,0.7463262785590241,0.1237828430353316,0.08320658618291865,True
16.679967403411865,1.6833019256591797,-0.08643481880426407,-0.7227249145507812,0.01067707035690546,0.014158682897686958,0.06262831389904022,0.3166980743408203,1.7697367444634438,0.6362900957465172,0.01067707035690546,0.014158682897686958,-0.003481612540781498,-0.048469631001353264,0.0024243251768253996,0.4698610258814691,0.99516308537633,0.3907364247671245,0.1492744628064495,0.04260280379453057,True
16.780508518218994,1.6852861642837524,-0.08293582499027252,-0.7155495285987854,0.010313066653907299,0.028781697154045105,0.0735393688082695,0.31471383571624756,1.768221989274025,0.6326137036085129,0.010313066653907299,0.028781697154045105,-0.018468630500137806,-0.044757671654224396,0.06821806251012408,0.4006498343814724,0.8724620469754165,0.44874536462343656,0.13086930704631247,0.04760782782389317,True
16.88092803955078,1.6873568296432495,-0.07723268121480942,-0.708334743976593,0.009951634332537651,0.06489107012748718,0.07792690396308899,0.3126431703567505,1.764589510858059,0.6311020627617836,0.009951634332537651,0.06489107012748718,-0.05493943579494953,-0.013035833835601807,0.6036683210934763,0.03398659275788418,0.29899254405090825,0.9342855256258279,0.04484888160763623,0.09798940769441862,True
16.981361150741577,1.6894245147705078,-0.06702743470668793,-0.700638473033905,0.009894458577036858,0.1071154922246933,0.07186451554298401,0.3105754852294922,1.7564519494771957,0.6336110383272171,0.009894458577036858,0.1071154922246933,-0.09722103364765644,0.03525097668170929,1.8903858767037491,0.24852627140288241,0.02280508473010469,0.6083210200782508,0.003420762709515703,0.06502272250314158,True
17.08188223838806,1.6915398836135864,-0.054743435233831406,-0.6932553648948669,0.010057235136628151,0.12247545272111893,0.0670967698097229,0.3084601163864136,1.7462833188474178,0.6385119296610355,0.010057235136628151,0.12247545272111893,-0.11241821758449078,0.05537868291139603,2.5275711289747824,0.6133597042001893,0.006376459595740268,0.2932530448446843,0.0009564689393610402,0.03249523609632913,True
17.182350873947144,1.6935510635375977,-0.042830172926187515,-0.6857532262802124,0.010342787019908428,0.10303507000207901,0.06967711448669434,0.30644893646240234,1.7363812364637852,0.6429230533540249,0.010342787019908428,0.10303507000207901,-0.09269228298217058,0.033357955515384674,1.718371864889358,0.22255063923327656,0.032169266788187205,0.6407593776187736,0.00482539001822808,0.0732634293715998,True
17.282676219940186,1.6957714557647705,-0.035322658717632294,-0.6790158152580261,0.01059403270483017,0.06729937344789505,0.0675753653049469,0.3042285442352295,1.7310941144824028,0.6436931565403938,0.01059403270483017,0.06729937344789505,-0.05670534074306488,-0.00027599185705184937,0.6430991337574188,1.523430103178569e-05,0.27631928075902307,0.9999695318620996,0.04144789211385346,0.11495102278198802,True
17.38307762145996,1.6977590322494507,-0.03033197484910488,-0.6719493865966797,0.010721031576395035,0.027370547875761986,0.061526115983724594,0.3022409677505493,1.7280910070985556,0.6416174117475748,0.010721031576395035,0.027370547875761986,-0.01664951629936695,-0.03415556810796261,0.055441278600577154,0.2333205665555345,0.8950438592126028,0.6271050972915007,0.1342565788818904,0.07104720061770672,True
17.48425006866455,1.6997344493865967,-0.028362760320305824,-0.6660467386245728,0.009786667302250862,0.005838990211486816,0.06356016546487808,0.3002655506134033,1.7280972097069025,0.6376839783042669,0.009786667302250862,0.005838990211486816,0.003947677090764046,-0.057721175253391266,0.003116830882588656,0.6663468145265417,0.9937857271953303,0.2637658162795605,0.14906785907929954,0.029053061540833817,True
17.5847647190094,1.7017720937728882,-0.02656630054116249,-0.6587442755699158,0.009591544978320599,0.01726732961833477,0.07352078706026077,0.2982279062271118,1.7283383943140507,0.6321779750287533,0.009591544978320599,0.01726732961833477,-0.007675784640014172,-0.056253457441926,0.011783533967975497,0.632890294834116,0.9767084666512404,0.28201906902667423,0.14650626999768607,0.029821367570751996,True
17.686038970947266,1.7036937475204468,-0.02206522226333618,-0.6507835388183594,0.009077705442905426,0.05557219311594963,0.07511352747678757,0.2963062524795532,1.725758969783783,0.6287183165550232,0.009077705442905426,0.05557219311594963,-0.046494487673044205,-0.019541334360837936,0.4323474767957719,0.07637274972041308,0.42118001248333775,0.8583481440985566,0.06317700187250067,0.08838810250119575,True
17.78660273551941,1.7056959867477417,-0.013301934115588665,-0.6441753506660461,0.009067369624972343,0.10069654881954193,0.06505356729030609,0.2943040132522583,1.7189979208633304,0.6308734165504575,0.009067369624972343,0.10069654881954193,-0.09162917919456959,0.03564298152923584,1.6791812959741088,0.25408442645868945,0.03479218132728126,0.6015961819150794,0.0052188271990921895,0.06298635816874959,True
17.887075185775757,1.7076407670974731,-0.0030957956332713366,-0.6380359530448914,0.00972822867333889,0.11790208518505096,0.053971901535987854,0.29235923290252686,1.7107365627307445,0.63494015741162,0.00972822867333889,0.11790208518505096,-0.10817385651171207,0.06393018364906311,2.3403166465232945,0.8174136762805873,0.009273139412419166,0.1949860322324336,0.001390970911862875,0.021049156706009445,True
17.987552881240845,1.7097526788711548,0.007241435814648867,-0.6321166753768921,0.010272434912621975,0.10115315020084381,0.054484982043504715,0.2902473211288452,1.702511243056506,0.639358111191541,0.010272434912621975,0.10115315020084381,-0.09088071528822184,0.046668168157339096,1.6518608822597676,0.43558358383233575,0.036746152065002494,0.4184628478000358,0.005511922809750374,0.046652953658597014,True
18.08803677558899,1.711858868598938,0.014891332015395164,-0.6263003945350647,0.010411826893687248,0.06277590990066528,0.05516153201460838,0.288141131401062,1.6969675365835428,0.6411917265504599,0.010411826893687248,0.06277590990066528,-0.052364083006978035,0.0076143778860569,0.5483994378323371,0.011595750118334469,0.3339383527437127,0.9770753556944544,0.0500907529115569,0.11036396515232377,True
18.188654899597168,1.7139601707458496,0.018568459898233414,-0.6204991936683655,0.010226416401565075,0.026781708002090454,0.049411576241254807,0.2860398292541504,1.6953917108476162,0.6390676535665989,0.010226416401565075,0.026781708002090454,-0.01655529160052538,-0.022629868239164352,0.054815535995685234,0.1024221873043879,0.896164694572664,0.8147741060843311,0.1344247041858996,0.09064697849597685,True
18.289074897766113,1.716173529624939,0.020508570596575737,-0.6151530146598816,0.010567273944616318,0.008073943667113781,0.05093475431203842,0.28382647037506104,1.6956649590283632,0.6356615852564573,0.010567273944616318,0.008073943667113781,0.0024933302775025368,-0.04286081064492464,0.0012433391745421754,0.36740981782801707,0.997516410874356,0.47959195246236624,0.1496274616311534,0.052049763637827304,True
18.38948082923889,1.718353033065796,0.022915402427315712,-0.6093028783798218,0.010511948727071285,0.024363894015550613,0.06416480988264084,0.2816469669342041,1.6954376306384802,0.6322182808071375,0.010511948727071285,0.024363894015550613,-0.013851945288479328,-0.039800915867090225,0.03837527765500493,0.3168225807718389,0.9261208407220503,0.530653951887648,0.13891812610830753,0.05612972257767861,True
18.489908695220947,1.720516562461853,0.0286566149443388,-0.6016160845756531,0.010329553857445717,0.06541988253593445,0.07574424147605896,0.279483437538147,1.6918599475175142,0.6302726995199919,0.010329553857445717,0.06541988253593445,-0.05509032867848873,-0.010324358940124512,0.6069888627807836,0.021318477504905786,0.2970134884477915,0.9582592181330369,0.04455202326716873,0.09986801214888599,True
18.590637922286987,1.7224279642105103,0.03711980953812599,-0.5937781929969788,0.009635639376938343,0.10346190631389618,0.07549504190683365,0.27757203578948975,1.6853081546723843,0.6308980025351048,0.009635639376938343,0.10346190631389618,-0.09382626693695784,0.02796686440706253,1.7606736734650534,0.1564291009526042,0.02955958131429833,0.7313536097651595,0.004433937197144749,0.07658618133207828,True
18.691078901290894,1.7245103120803833,0.04860086739063263,-0.5865809321403503,0.009634406305849552,0.11953403800725937,0.07136261463165283,0.2754896879196167,1.6759094446897507,0.635181799530983,0.009634406305849552,0.11953403800725937,-0.10989963170140982,0.04817142337560654,2.4155858096211045,0.4640972060063864,0.007977169583337397,0.3952667553503687,0.0011965754375006094,0.04274629702642851,True
18.79165816307068,1.7264058589935303,0.05951513350009918,-0.5799927115440369,0.009660407900810242,0.0996677502989769,0.07321988046169281,0.2735941410064697,1.666890725493431,0.639507845044136,0.009660407900810242,0.0996677502989769,-0.09000734239816666,0.026447869837284088,1.6202643371161618,0.1398979637859843,0.039143195628931156,0.7559379918174987,0.005871479344339673,0.08436742418036079,True
18.892056465148926,1.7284001111984253,0.06736478209495544,-0.5724732875823975,0.009227474220097065,0.06087828800082207,0.07168591767549515,0.2715998888015747,1.6610353291034698,0.6398380696773529,0.009227474220097065,0.06087828800082207,-0.051650813780725,-0.01080762967467308,0.5335613128422264,0.02336097183697483,0.3439969026118989,0.9543527245130812,0.051599535391784836,0.10676387422978546,True
18.992693662643433,1.7303732633590698,0.0714946836233139,-0.5651888847351074,0.009063517674803734,0.027746690437197685,0.06733997911214828,0.2696267366409302,1.658878579735756,0.6366835683584213,0.009063517674803734,0.027746690437197685,-0.01868317276239395,-0.0395932886749506,0.06981218889389185,0.3135257016195943,0.8696848469998406,0.5341645169793301,0.1304527270499761,0.0584092098169499,True
19.09316897392273,1.7323026657104492,0.07396958768367767,-0.5581419467926025,0.009730197489261627,0.009334374219179153,0.06963225454092026,0.2676973342895508,1.6583330780267715,0.6321115344762802,0.009730197489261627,0.009334374219179153,0.00039582327008247375,-0.060297880321741104,3.133521222775659e-05,0.7271668742590026,0.9999373315392945,0.23355591905316975,0.14999059973089418,0.024684344681705717,True
19.193693161010742,1.7342259883880615,0.07668210566043854,-0.5508829355239868,0.009246056899428368,0.0247565358877182,0.0756647065281868,0.2657740116119385,1.657543882727623,0.6275650411844254,0.009246056899428368,0.0247565358877182,-0.015510478988289833,-0.0509081706404686,0.04811499168923608,0.5183283675918138,0.9082551084686289,0.35463835212002587,0.13623826627029434,0.03619156479501427,True
19.29422926902771,1.7362627983093262,0.08204919099807739,-0.5431855320930481,0.009357179515063763,0.0626397505402565,0.07081463187932968,0.26373720169067383,1.6542136073112488,0.6252347230911255,0.009357179515063763,0.0626397505402565,-0.05328257102519274,-0.008174881339073181,0.5678064750109417,0.013365736981585385,0.3212251660061385,0.9736226494567738,0.048183774900920774,0.0975450903199736,True
19.394644260406494,1.7382628917694092,0.09148241579532623,-0.5364671945571899,0.009134293533861637,0.10494580119848251,0.05730883777141571,0.2617371082305908,1.646780475974083,0.6279496103525162,0.009134293533861637,0.10494580119848251,-0.09581150766462088,0.0476369634270668,1.835969000193541,0.45385605691034003,0.02542714435001386,0.40344620793758856,0.003814071652502079,0.04129662808305174,True
19.495035409927368,1.7402443885803223,0.10312704741954803,-0.5306482911109924,0.009701873175799847,0.12058155983686447,0.05176052078604698,0.25975561141967773,1.6371173411607742,0.6337753385305405,0.009701873175799847,0.12058155983686447,-0.11087968666106462,0.06882103905081749,2.4588609828111747,0.9472670832068292,0.007315777471377191,0.15038837468764998,0.0010973666207065786,0.016094604587918514,True
19.595484256744385,1.7423478364944458,0.114096499979496,-0.5251268148422241,0.009564170613884926,0.10014700889587402,0.05535941570997238,0.2576521635055542,1.6282513365149498,0.6392233148217201,0.009564170613884926,0.10014700889587402,-0.0905828382819891,0.04478759318590164,1.6410501182441979,0.40118570067716464,0.03754931150016118,0.44826468721576807,0.0056323967250241766,0.04992711653736063,True
19.695939302444458,1.7444143295288086,0.12172219157218933,-0.5189856290817261,0.009558290243148804,0.060578979551792145,0.05281786993145943,0.2555856704711914,1.6226921379566193,0.6407078206539154,0.009558290243148804,0.060578979551792145,-0.05102068930864334,0.007761109620332718,0.5206221475058226,0.012046964507764213,0.35301515356937646,0.9761940125089008,0.05295227303540647,0.10988650562842278,True
19.79633355140686,1.7463135719299316,0.12547878921031952,-0.5135565996170044,0.009826346300542355,0.02663571573793888,0.04590217396616936,0.25368642807006836,1.6208347827196121,0.6390353888273239,0.009826346300542355,0.02663571573793888,-0.016809369437396526,-0.019266458228230476,0.05651098017657608,0.07423928253202997,0.8931310464274639,0.86201848428346,0.13396965696411958,0.09588086011095302,True
19.89679980278015,1.7483506202697754,0.12738429009914398,-0.508439302444458,0.009126590564846992,0.007646737154573202,0.04916536435484886,0.2516493797302246,1.6209663301706314,0.635823592543602,0.009126590564846992,0.007646737154573202,0.0014798534102737904,-0.04151862720027566,0.00043799322317979346,0.34475928091909397,0.9991243971177604,0.5018176050644139,0.14986865956766404,0.05452693593718011,True
19.997254133224487,1.7502832412719727,0.12959764897823334,-0.5028567910194397,0.009751902893185616,0.022588340565562248,0.06361036747694016,0.24971675872802734,1.6206855922937393,0.632454439997673,0.009751902893185616,0.022588340565562248,-0.012836437672376633,-0.04102202691137791,0.032954826423362005,0.33656133838356267,0.9362154448710511,0.5101131695676558,0.14043231673065767,0.05405340336841751,True
20.097803831100464,1.752265214920044,0.13472293317317963,-0.4948597848415375,0.009392913430929184,0.062474325299263,0.07699771970510483,0.24773478507995605,1.6175422817468643,0.6295827180147171,0.009392913430929184,0.062474325299263,-0.053081411868333817,-0.014523394405841827,0.563527257187138,0.04218579701352754,0.32398614891230954,0.9190896644027189,0.04859792233684643,0.0952785094500308,True
20.19840431213379,1.7542144060134888,0.14352358877658844,-0.48708027601242065,0.00912843830883503,0.10410040616989136,0.076380155980587,0.24578559398651123,1.6106908172369003,0.6306038647890091,0.00912843830883503,0.10410040616989136,-0.09497196786105633,0.027720250189304352,1.8039349358803032,0.1536824541115256,0.02710953218604041,0.7353822049266181,0.004066429827906061,0.07683500644838354,True
20.29917860031128,1.7561863660812378,0.15514200925827026,-0.47978541254997253,0.008803728967905045,0.12060045450925827,0.07308150082826614,0.2438136339187622,1.6010443568229675,0.6349274218082428,0.008803728967905045,0.12060045450925827,-0.11179672554135323,0.047518953680992126,2.499701568353732,0.45161019178725503,0.006741969832737717,0.40526245546580086,0.0010112954749106574,0.04374481461734266,True
20.39967679977417,1.758137822151184,0.1651211827993393,-0.47271791100502014,0.009472769685089588,0.10254700481891632,0.07270019501447678,0.24186217784881592,1.5930166393518448,0.6378390938043594,0.009472769685089588,0.10254700481891632,-0.09307423513382673,0.029846809804439545,1.7325626491493733,0.1781664111004777,0.031269087217433024,0.7002395261876654,0.004690363082614953,0.07721630538856145,True
20.500272750854492,1.760124921798706,0.17293308675289154,-0.4660215973854065,0.009412862360477448,0.06482955813407898,0.06973004341125488,0.23987507820129395,1.5871918350458145,0.638954684138298,0.009412862360477448,0.06482955813407898,-0.05541669577360153,-0.004900485277175903,0.6142020340927812,0.004802951190363558,0.29275942913716096,0.990440086925483,0.043913914370574146,0.11010103154931117,True
20.600680112838745,1.7621729373931885,0.1769978106021881,-0.45946237444877625,0.009554254822432995,0.026188310235738754,0.06270202994346619,0.23782706260681152,1.5851751267910004,0.6364601850509644,0.009554254822432995,0.026188310235738754,-0.01663405541330576,-0.03651371970772743,0.05533835989858533,0.26665034537889654,0.8952281116794089,0.5866653694661178,0.13428421675191132,0.06404517190427104,True
20.70167088508606,1.7641650438308716,0.1790425032377243,-0.4526628851890564,0.009209261275827885,0.0066937729716300964,0.06568809598684311,0.23583495616912842,1.5851225405931473,0.6317053884267807,0.009209261275827885,0.0066937729716300964,0.0025154883041977882,-0.05899432301521301,0.0012655362817111729,0.6960660296046584,0.9974721278999672,0.24854482704038008,0.14962081918499506,0.02618775438945623,True
20.80215358734131,1.7662174701690674,0.18109124898910522,-0.44593486189842224,0.008981609717011452,0.019042637199163437,0.07310663908720016,0.23378252983093262,1.5851262211799622,0.6270261108875275,0.008981609717011452,0.019042637199163437,-0.010061027482151985,-0.05406400188803673,0.020244854799323503,0.5845832600299278,0.9603190465289837,0.31062573371929153,0.14404785697934755,0.03156606311675705,True
20.902556896209717,1.7681081295013428,0.18627168238162994,-0.4382146894931793,0.009187187999486923,0.0594782680273056,0.07086440175771713,0.23189187049865723,1.5818364471197128,0.6244863718748093,0.009187187999486923,0.0594782680273056,-0.05029108002781868,-0.01138613373041153,0.5058385460728926,0.025928808265363035,0.36360866270340103,0.9494640452037861,0.054541299405510155,0.09455626737039939,True
21.002944946289062,1.770139217376709,0.1955365389585495,-0.4313524067401886,0.009135786443948746,0.1042296439409256,0.05932750180363655,0.22986078262329102,1.5746026784181595,0.6268889456987381,0.009135786443948746,0.1042296439409256,-0.09509385749697685,0.04490214213728905,1.8085683467310683,0.4032404737034617,0.02685947339941523,0.4464263028897036,0.004028921009912284,0.04531725032468801,True
21.103376626968384,1.7719558477401733,0.20766742527484894,-0.42602062225341797,0.00884965993463993,0.12424308806657791,0.052663762122392654,0.22804415225982666,1.5642884224653244,0.6336880475282669,0.00884965993463993,0.12424308806657791,-0.11539342813193798,0.07157932594418526,2.6631286512081473,1.0247199805247824,0.004862233871091463,0.12880702034030417,0.0007293350806637195,0.013775967245783222,True
21.20398235321045,1.7739150524139404,0.21762195229530334,-0.4204034209251404,0.00866733118891716,0.10884968191385269,0.05279454588890076,0.22608494758605957,1.556293100118637,0.6380253732204437,0.00866733118891716,0.10884968191385269,-0.10018235072493553,0.056055136024951935,2.007300679354798,0.6284356549551728,0.018050148651272507,0.2845428817926823,0.002707522297690876,0.03141930996532446,True
21.305371046066284,1.7756937742233276,0.2262430042028427,-0.4153411388397217,0.007697504945099354,0.06962602585554123,0.047684360295534134,0.22430622577667236,1.549450770020485,0.6415841430425644,0.007697504945099354,0.06962602585554123,-0.061928520910441875,0.021941665560007095,0.7670283404310073,0.0962873375094403,0.2156590305384909,0.824832721504713,0.032348854580773634,0.09342658722216877,True
21.405916929244995,1.7773115634918213,0.23071683943271637,-0.41132500767707825,0.006827786099165678,0.027124157175421715,0.036941464990377426,0.2226884365081787,1.546594724059105,0.6420418471097946,0.006827786099165678,0.027124157175421715,-0.020296371076256037,-0.009817307814955711,0.08238853577301652,0.019275906546718097,0.8480827447909894,0.9621818498301723,0.12721241171864842,0.10933606976431737,True
21.50636315345764,1.7788869142532349,0.23264798521995544,-0.40801337361335754,0.006994538940489292,0.004170306958258152,0.03347169607877731,0.22111308574676514,1.5462389290332794,0.640661358833313,0.006994538940489292,0.004170306958258152,0.00282423198223114,-0.02930138912051916,0.001595257257891447,0.17171428087841573,0.9968145697670581,0.7093341529201539,0.14952218546505872,0.0798207246533007,True
21.606740951538086,1.7808167934417725,0.23546664416790009,-0.4038424491882324,0.007265881635248661,0.015018098056316376,0.04831073060631752,0.21918320655822754,1.5453501492738724,0.6393090933561325,0.007265881635248661,0.015018098056316376,-0.007752216421067715,-0.033292632550001144,0.012019371887814385,0.22167987642187914,0.9762478854961529,0.6418762487404998,0.14643718282442295,0.07153535860709953,True
21.70702862739563,1.7827105522155762,0.24068735539913177,-0.3975914716720581,0.008806943893432617,0.05353779345750809,0.06862377375364304,0.21728944778442383,1.5420231968164444,0.6382788270711899,0.008806943893432617,0.05353779345750809,-0.04473084956407547,-0.015085980296134949,0.40016978054479013,0.04551736029907438,0.44917641538585845,0.9129860109285471,0.06737646230787876,0.10099730777888323,True
21.807390451431274,1.7849546670913696,0.2502516508102417,-0.38988998532295227,0.010209384374320507,0.10062100738286972,0.08043837547302246,0.21504533290863037,1.534703016281128,0.640141636133194,0.010209384374320507,0.10062100738286972,-0.09041162300854921,0.02018263190984726,1.6348523150080052,0.08146772616167697,0.038017654690999735,0.8496460293218089,0.00570264820364996,0.095256627746584,True
21.907723426818848,1.7870901823043823,0.26288148760795593,-0.3823281526565552,0.010786489583551884,0.1242702454328537,0.08459020406007767,0.21290981769561768,1.5242086946964264,0.6452096402645111,0.010786489583551884,0.1242702454328537,-0.11348375584930182,0.03968004137277603,2.5757125683327886,0.3149011366690435,0.005791145669068283,0.5326971190176187,0.0008686718503602424,0.0618822056179919,True
22.008105516433716,1.789344310760498,0.2734636068344116,-0.37392428517341614,0.010567799210548401,0.11016582697629929,0.08717804402112961,0.21065568923950195,1.5158807039260864,0.6473878920078278,0.010567799210548401,0.11016582697629929,-0.09959802776575089,0.022987782955169678,1.9839534269654568,0.10568763303879791,0.018912979361103668,0.8094702431543935,0.00283694690416555,0.09544489022527186,True
22.108633518218994,1.791571855545044,0.28177696466445923,-0.36674782633781433,0.009821389801800251,0.06737756729125977,0.08216961473226547,0.20842814445495605,1.5097948908805847,0.6485247910022736,0.009821389801800251,0.06737756729125977,-0.057556177489459515,-0.014792047441005707,0.6625427134396332,0.043760933499392696,0.26578025334148625,0.9161988369129747,0.03986703800122294,0.10886259261522055,True
22.209156274795532,1.7934194803237915,0.2852437198162079,-0.3594132661819458,0.009272200986742973,0.027578668668866158,0.0740407332777977,0.2065805196762085,1.5081757605075836,0.6446569859981537,0.009272200986742973,0.027578668668866158,-0.018306467682123184,-0.04646206460893154,0.06702535179932412,0.43174468954490575,0.8745457208639198,0.42168808256365775,0.13118185812958796,0.048800101643999456,True
22.309560298919678,1.7952653169631958,0.2864322066307068,-0.35222816467285156,0.008067919872701168,0.0008534336811862886,0.07406624406576157,0.2047346830368042,1.508833110332489,0.6386603713035583,0.008067919872701168,0.0008534336811862886,0.0072144861915148795,-0.07321281038457528,0.010409762201511774,1.0720231208815547,0.9793957056449067,0.11717974491141513,0.146909355846736,0.01299854955093846,True
22.409954071044922,1.7971138954162598,0.287291944026947,-0.345072478055954,0.0074757421389222145,0.011272050440311432,0.07347489148378372,0.20288610458374023,1.5098219513893127,0.632364422082901,0.0074757421389222145,0.011272050440311432,-0.0037963083013892174,-0.06220284104347229,0.002882391343839337,0.7738386867758962,0.9942518017881027,0.21274151952360282,0.1491377702682154,0.022527526627823913,True
22.510399341583252,1.7988959550857544,0.2907956838607788,-0.338996946811676,0.007908755913376808,0.04863454028964043,0.06310863792896271,0.2011040449142456,1.5081002712249756,0.6297926306724548,0.007908755913376808,0.04863454028964043,-0.04072578437626362,-0.014474097639322281,0.3317179026123836,0.041899900494526965,0.5150785811377526,0.9196153437496961,0.07726178717066289,0.09548743573762153,True
22.610796213150024,1.8008043766021729,0.2986084818840027,-0.3334887623786926,0.008101542480289936,0.09502416104078293,0.04461745545268059,0.19919562339782715,1.5021958947181702,0.6320972442626953,0.008101542480289936,0.09502416104078293,-0.08692261856049299,0.05040670558810234,1.5111083234825922,0.5081671936491255,0.048693163093868945,0.361919167134777,0.007303974464080341,0.03824681969948311,True
22.71133518218994,1.8026840686798096,0.308661550283432,-0.3297628164291382,0.008175298571586609,0.11916889995336533,0.03778643533587456,0.19731593132019043,1.4940225183963776,0.6384243667125702,0.008175298571586609,0.11916889995336533,-0.11099360138177872,0.08138246461749077,2.463915909539438,1.3246211094434273,0.007242188646127124,0.07070477150553375,0.0010863282969190687,0.007829810575368391,True
22.81165337562561,1.8047147989273071,0.3196192979812622,-0.325597882270813,0.008621631190180779,0.10950959473848343,0.04198085516691208,0.19528520107269287,1.485095500946045,0.6452171802520752,0.008621631190180779,0.10950959473848343,-0.10088796354830265,0.06752873957157135,2.035676237784729,0.9120261336250213,0.017054307368594836,0.16137050779649934,0.0025581461052892255,0.018747016094442518,True
22.91199779510498,1.8065671920776367,0.3279685080051422,-0.3213613033294678,0.008607744239270687,0.07119099795818329,0.039348848164081573,0.19343280792236328,1.4785986840724945,0.64932981133461,0.008607744239270687,0.07119099795818329,-0.0625832537189126,0.031842149794101715,0.7833327292091576,0.20278450070200238,0.20874007559977945,0.6665974080672541,0.031311011339966915,0.07963429214625846,True
23.012388229370117,1.8085025548934937,0.33187082409858704,-0.3177372217178345,0.008403372019529343,0.028209032490849495,0.0312111247330904,0.19149744510650635,1.4766317307949066,0.6496080458164215,0.008403372019529343,0.028209032490849495,-0.019805660471320152,-0.0030020922422409058,0.07845283734104272,0.0018025115661846058,0.85478468285214,0.9964014671619604,0.128217702427821,0.11925574108057296,True
23.112877368927002,1.8103598356246948,0.33262407779693604,-0.3147790729999542,0.008569430559873581,-0.0001595502399140969,0.03190968558192253,0.18964016437530518,1.4777357578277588,0.6474031507968903,0.008569430559873581,-0.0001595502399140969,0.008728980799787678,-0.03206923582183663,0.015239021160612385,0.20568717723931393,0.9699817303806324,0.6627387859237316,0.14549725955709486,0.07815182816037103,True
23.213382959365845,1.8122155666351318,0.3326537013053894,-0.3113463521003723,0.007842970080673695,0.005236217752099037,0.0467752180993557,0.18778443336486816,1.4795618653297424,0.6440000534057617,0.007842970080673695,0.005236217752099037,0.0026067523285746574,-0.04153900034725666,0.0013590315405058798,0.34509770996987776,0.997285627507936,0.5014780606775644,0.1495928441261904,0.05777029401550967,True
23.313799381256104,1.814012050628662,0.3352598249912262,-0.3054787218570709,0.00730509776622057,0.04199698194861412,0.06764528155326843,0.1859879493713379,1.478752225637436,0.6407385468482971,0.00730509776622057,0.04199698194861412,-0.03469188418239355,-0.025648299604654312,0.24070536562492156,0.1315670545220221,0.6179110701887905,0.7686388089828883,0.09268666052831857,0.08654168722196602,True
23.414245128631592,1.8158138990402222,0.34122365713119507,-0.2990647554397583,0.007239947095513344,0.08488032966852188,0.07514805346727371,0.18418610095977783,1.474590241909027,0.6402884125709534,0.007239947095513344,0.08488032966852188,-0.07764038257300854,0.009732276201248169,1.2056058012166255,0.018943440011476298,0.08970654003973298,0.9628218491167082,0.013455981005959947,0.10805819904097039,True
23.514665126800537,1.8176336288452148,0.351139098405838,-0.29207852482795715,0.007362132426351309,0.11570673435926437,0.07499582320451736,0.18236637115478516,1.4664945304393768,0.6432176232337952,0.007362132426351309,0.11570673435926437,-0.10834460193291306,0.04071091115474701,2.347710553600278,0.3314756574099409,0.009137018893189233,0.5153281922302828,0.001370552833978385,0.05904326310127153,True
23.615031719207764,1.819380283355713,0.3617585301399231,-0.28510192036628723,0.007699570618569851,0.10924897342920303,0.0768330842256546,0.1806197166442871,1.4576217532157898,0.6468604505062103,0.007699570618569851,0.10924897342920303,-0.10154940281063318,0.03241588920354843,2.062456242239247,0.21015797457134555,0.016164909206723758,0.6568392592266499,0.0024247363810085635,0.07717096761615302,True
23.715464115142822,1.8212937116622925,0.3690691292285919,-0.2784509062767029,0.0080477399751544,0.07678017020225525,0.07641564309597015,0.17870628833770752,1.4522245824337006,0.6475200355052948,0.0080477399751544,0.07678017020225525,-0.06873243022710085,0.0003645271062850952,0.9448293929846573,2.657600224331702e-05,0.15112336545260704,0.9999468494080561,0.022668504817891056,0.1180097557824673,True
23.81580424308777,1.8232609033584595,0.3737991452217102,-0.271377295255661,0.008236352354288101,0.03579043969511986,0.07123266160488129,0.17673909664154053,1.4494617581367493,0.6451764404773712,0.008236352354288101,0.03579043969511986,-0.027554087340831757,-0.03544222190976143,0.15184554583723697,0.2512302187801546,0.7380888330238911,0.6050401632846195,0.11071332495358366,0.07027006180120683,True
23.916853666305542,1.8251402378082275,0.37532880902290344,-0.2646148204803467,0.008816281333565712,0.005544446408748627,0.07165788114070892,0.17485976219177246,1.449811428785324,0.6399436295032501,0.008816281333565712,0.005544446408748627,0.0032718349248170853,-0.0661134347319603,0.0021409807550505644,0.8741972504114348,0.9957271930159819,0.17405316145582378,0.14935907895239728,0.019486104912514544,True
24.017306804656982,1.8269020318984985,0.3756888210773468,-0.25769877433776855,0.007524978369474411,0.005559107288718224,0.0746331438422203,0.17309796810150146,1.4512132108211517,0.6333875954151154,0.007524978369474411,0.005559107288718224,0.0019658710807561874,-0.06907403655350208,0.0007729298212307001,0.9542445051589084,0.9984553345831081,0.14830430365732508,0.1497683001874662,0.015825563563650953,True
24.117844820022583,1.8286508321762085,0.37768635153770447,-0.25175824761390686,0.007729469798505306,0.034097280353307724,0.06616393476724625,0.1713491678237915,1.450964480638504,0.6294445991516113,0.007729469798505306,0.034097280353307724,-0.026367810554802418,-0.03206665441393852,0.13905228669078995,0.20565406506059258,0.7572176325654504,0.6627826768272892,0.11358264488481755,0.06863491034123233,True
24.21835446357727,1.8306879997253418,0.3832809627056122,-0.24607740342617035,0.008511081337928772,0.07776565849781036,0.04923754557967186,0.1693120002746582,1.4474070370197296,0.6293583661317825,0.008511081337928772,0.07776565849781036,-0.06925457715988159,0.028528112918138504,0.9592392915187986,0.1627706453340122,0.14683018221169317,0.7221363621577208,0.022024527331753974,0.07473150394645757,True
24.31876230239868,1.832710862159729,0.3919743001461029,-0.24157363176345825,0.008635997772216797,0.10928481072187424,0.0387355238199234,0.167289137840271,1.440736562013626,0.6335479319095612,0.008635997772216797,0.10928481072187424,-0.10064881294965744,0.07054928690195084,2.0260367096350262,0.9954403764747544,0.017386288176298177,0.13657508354989747,0.0026079432264447264,0.014591455966771466,True
24.419164419174194,1.8348160982131958,0.4005154073238373,-0.23692530393600464,0.008876461535692215,0.10750043392181396,0.04313816502690315,0.1651839017868042,1.4343006908893585,0.6374407112598419,0.008876461535692215,0.10750043392181396,-0.09862397238612175,0.06436226889491081,1.9453375858437012,0.8285003314601608,0.020431546578180176,0.19071012709784238,0.0030647319867270263,0.020969068410225847,True
24.519540309906006,1.8367235660552979,0.40765300393104553,-0.23206426203250885,0.009078075177967548,0.07266104221343994,0.04782048985362053,0.16327643394470215,1.4290705621242523,0.6397172659635544,0.009078075177967548,0.07266104221343994,-0.06358296703547239,0.024840552359819412,0.8085587394067938,0.12341060830818595,0.19846996923008334,0.7812803609923942,0.0297704953845125,0.0873266847911009,True
24.619873762130737,1.838579773902893,0.41065797209739685,-0.226737380027771,0.00803026370704174,0.02942005731165409,0.04396549612283707,0.16142022609710693,1.4279218018054962,0.6373953521251678,0.00803026370704174,0.02942005731165409,-0.02138979360461235,-0.014545438811182976,0.09150465408958308,0.042313958041973604,0.8327604042179698,0.918854111639445,0.12491406063269547,0.10099702737628788,True
24.720239400863647,1.8404043912887573,0.41009318828582764,-0.22251790761947632,0.00735716987401247,-0.002240485278889537,0.043427225202322006,0.15959560871124268,1.4303112030029297,0.632611095905304,0.00735716987401247,-0.002240485278889537,0.009597655152902007,-0.04566771048121154,0.01842299688680529,0.41710795611915175,0.9638245589029024,0.4342148105104912,0.14457368383543537,0.046065361504088104,True
24.82063913345337,1.8420641422271729,0.4085667133331299,-0.2167777419090271,0.006529944017529488,-0.001184642780572176,0.05665839463472366,0.15793585777282715,1.433497428894043,0.625344455242157,0.006529944017529488,-0.001184642780572176,0.007714586798101664,-0.05784303741529584,0.011902969893088896,0.6691633954854629,0.9764751863558364,0.26228415785702647,0.14647127795337544,0.026300691908189514,True
24.921014308929443,1.84381103515625,0.40902066230773926,-0.21103408932685852,0.0065703741274774075,0.028121614828705788,0.06594884395599365,0.15618896484375,1.4347903728485107,0.6200547516345978,0.0065703741274774075,0.028121614828705788,-0.02155124070122838,-0.037827229127287865,0.09289119515245654,0.2861798526896671,0.8304542902255808,0.5641925385240335,0.12456814353383712,0.05418719606927687,True
